{
"type": "FeatureCollection",
"name": "overture_map",
"crs": { "type": "name", "properties": { "name": "urn:ogc:def:crs:OGC::CRS84" } },
"features": [
{ "type": "Feature", "properties": { "id": "16940c14-214d-43be-b5e5-9e0a64778352", "names.primary": null, "sources": [ { "property": "", "dataset": "Microsoft ML Buildings", "license": "ODbL-1.0", "record_id": null, "update_time": "2016-07-29T00:00:00.000Z", "confidence": null, "between": null } ], "level": null, "height": null, "min_height": null, "is_underground": false, "num_floors": null, "num_floors_underground": null, "min_floor": null, "subtype": null, "class": null, "facade_color": null, "facade_material": null, "roof_material": null, "roof_shape": null, "roof_direction": null, "roof_orientation": null, "roof_color": null, "roof_height": null, "has_parts": false, "version": 3, "bbox.xmin": 50.664615631103516, "bbox.xmax": 50.664745330810547, "bbox.ymin": 53.282573699951172, "bbox.ymax": 53.282649993896484, "theme": "buildings", "type": "building", "xmin": 50.6643816, "ymin": 53.2825064, "xmax": 50.6711443, "ymax": 53.2855954, "source_item.property": "", "source_item.dataset": "Microsoft ML Buildings", "source_item.license": "ODbL-1.0", "source_item.record_id": null, "source_item.update_time": "2016-07-29T00:00:00.000Z", "source_item.confidence": null, "source_item.between": null, "source_type": "ml" }, "geometry": { "type": "Polygon", "coordinates": [ [ [ 50.6646219, 53.2826156 ], [ 50.6646696, 53.2825799 ], [ 50.6647391, 53.2826131 ], [ 50.6646914, 53.2826488 ], [ 50.6646219, 53.2826156 ] ] ] } },
{ "type": "Feature", "properties": { "id": "7191c86a-0870-47d2-84ee-a06c89dd739a", "names.primary": null, "sources": [ { "property": "", "dataset": "Microsoft ML Buildings", "license": "ODbL-1.0", "record_id": null, "update_time": "2016-07-29T00:00:00.000Z", "confidence": null, "between": null } ], "level": null, "height": null, "min_height": null, "is_underground": false, "num_floors": null, "num_floors_underground": null, "min_floor": null, "subtype": null, "class": null, "facade_color": null, "facade_material": null, "roof_material": null, "roof_shape": null, "roof_direction": null, "roof_orientation": null, "roof_color": null, "roof_height": null, "has_parts": false, "version": 3, "bbox.xmin": 50.664688110351562, "bbox.xmax": 50.664772033691406, "bbox.ymin": 53.28265380859375, "bbox.ymax": 53.282703399658203, "theme": "buildings", "type": "building", "xmin": 50.6643816, "ymin": 53.2825064, "xmax": 50.6711443, "ymax": 53.2855954, "source_item.property": "", "source_item.dataset": "Microsoft ML Buildings", "source_item.license": "ODbL-1.0", "source_item.record_id": null, "source_item.update_time": "2016-07-29T00:00:00.000Z", "source_item.confidence": null, "source_item.between": null, "source_type": "ml" }, "geometry": { "type": "Polygon", "coordinates": [ [ [ 50.6647204, 53.2827022 ], [ 50.6646955, 53.2826764 ], [ 50.6647397, 53.2826611 ], [ 50.6647647, 53.2826869 ], [ 50.6647204, 53.2827022 ] ] ] } },
{ "type": "Feature", "properties": { "id": "b7be216d-2df5-405e-b913-8e2450bc8aff", "names.primary": null, "sources": [ { "property": "", "dataset": "OpenStreetMap", "license": "ODbL-1.0", "record_id": "w1476555746@2", "update_time": "2026-02-17T15:38:07.000Z", "confidence": null, "between": null } ], "level": null, "height": null, "min_height": null, "is_underground": false, "num_floors": 2, "num_floors_underground": null, "min_floor": null, "subtype": "residential", "class": "house", "facade_color": null, "facade_material": null, "roof_material": null, "roof_shape": null, "roof_direction": null, "roof_orientation": null, "roof_color": null, "roof_height": null, "has_parts": false, "version": 1, "bbox.xmin": 50.664649963378906, "bbox.xmax": 50.664825439453125, "bbox.ymin": 53.282722473144531, "bbox.ymax": 53.282833099365234, "theme": "buildings", "type": "building", "xmin": 50.6643816, "ymin": 53.2825064, "xmax": 50.6711443, "ymax": 53.2855954, "source_item.property": "", "source_item.dataset": "OpenStreetMap", "source_item.license": "ODbL-1.0", "source_item.record_id": "w1476555746@2", "source_item.update_time": "2026-02-17T15:38:07.000Z", "source_item.confidence": null, "source_item.between": null, "source_type": "my" }, "geometry": { "type": "Polygon", "coordinates": [ [ [ 50.66477, 53.2828265 ], [ 50.6646564, 53.2827899 ], [ 50.6647104, 53.28273 ], [ 50.664824, 53.2827666 ], [ 50.66477, 53.2828265 ] ] ] } },
{ "type": "Feature", "properties": { "id": "38ce410a-9e16-45f5-8268-91873978bfb5", "names.primary": null, "sources": [ { "property": "", "dataset": "OpenStreetMap", "license": "ODbL-1.0", "record_id": "w1476555747@2", "update_time": "2026-02-17T15:38:07.000Z", "confidence": null, "between": null } ], "level": null, "height": null, "min_height": null, "is_underground": false, "num_floors": 2, "num_floors_underground": null, "min_floor": null, "subtype": "residential", "class": "house", "facade_color": null, "facade_material": null, "roof_material": null, "roof_shape": null, "roof_direction": null, "roof_orientation": null, "roof_color": null, "roof_height": null, "has_parts": false, "version": 1, "bbox.xmin": 50.664783477783203, "bbox.xmax": 50.665031433105469, "bbox.ymin": 53.282505035400391, "bbox.ymax": 53.282619476318359, "theme": "buildings", "type": "building", "xmin": 50.6643816, "ymin": 53.2825064, "xmax": 50.6711443, "ymax": 53.2855954, "source_item.property": "", "source_item.dataset": "OpenStreetMap", "source_item.license": "ODbL-1.0", "source_item.record_id": "w1476555747@2", "source_item.update_time": "2026-02-17T15:38:07.000Z", "source_item.confidence": null, "source_item.between": null, "source_type": "my" }, "geometry": { "type": "Polygon", "coordinates": [ [ [ 50.6648502, 53.2825285 ], [ 50.6648726, 53.2825064 ], [ 50.6649593, 53.2825377 ], [ 50.6649555, 53.2825414 ], [ 50.6650309, 53.2825687 ], [ 50.6649797, 53.2826193 ], [ 50.664893, 53.2825881 ], [ 50.6648965, 53.2825847 ], [ 50.6647911, 53.2825466 ], [ 50.6648203, 53.2825177 ], [ 50.6648502, 53.2825285 ] ] ] } },
{ "type": "Feature", "properties": { "id": "8850eb15-8760-4ff9-9e6c-1b8daa8cc467", "names.primary": null, "sources": [ { "property": "", "dataset": "Microsoft ML Buildings", "license": "ODbL-1.0", "record_id": null, "update_time": "2016-07-29T00:00:00.000Z", "confidence": null, "between": null } ], "level": null, "height": null, "min_height": null, "is_underground": false, "num_floors": null, "num_floors_underground": null, "min_floor": null, "subtype": null, "class": null, "facade_color": null, "facade_material": null, "roof_material": null, "roof_shape": null, "roof_direction": null, "roof_orientation": null, "roof_color": null, "roof_height": null, "has_parts": false, "version": 3, "bbox.xmin": 50.665485382080078, "bbox.xmax": 50.665561676025391, "bbox.ymin": 53.282783508300781, "bbox.ymax": 53.2828369140625, "theme": "buildings", "type": "building", "xmin": 50.6643816, "ymin": 53.2825064, "xmax": 50.6711443, "ymax": 53.2855954, "source_item.property": "", "source_item.dataset": "Microsoft ML Buildings", "source_item.license": "ODbL-1.0", "source_item.record_id": null, "source_item.update_time": "2016-07-29T00:00:00.000Z", "source_item.confidence": null, "source_item.between": null, "source_type": "ml" }, "geometry": { "type": "Polygon", "coordinates": [ [ [ 50.6655252, 53.2827847 ], [ 50.6655616, 53.2827956 ], [ 50.6655277, 53.282836 ], [ 50.6654913, 53.2828251 ], [ 50.6655252, 53.2827847 ] ] ] } },
{ "type": "Feature", "properties": { "id": "a1716cd7-ac8a-4162-a8d1-926e8566a664", "names.primary": null, "sources": [ { "property": "", "dataset": "Microsoft ML Buildings", "license": "ODbL-1.0", "record_id": null, "update_time": "2016-07-29T00:00:00.000Z", "confidence": null, "between": null } ], "level": null, "height": null, "min_height": null, "is_underground": false, "num_floors": null, "num_floors_underground": null, "min_floor": null, "subtype": null, "class": null, "facade_color": null, "facade_material": null, "roof_material": null, "roof_shape": null, "roof_direction": null, "roof_orientation": null, "roof_color": null, "roof_height": null, "has_parts": false, "version": 3, "bbox.xmin": 50.665229797363281, "bbox.xmax": 50.665359497070312, "bbox.ymin": 53.282703399658203, "bbox.ymax": 53.282806396484375, "theme": "buildings", "type": "building", "xmin": 50.6643816, "ymin": 53.2825064, "xmax": 50.6711443, "ymax": 53.2855954, "source_item.property": "", "source_item.dataset": "Microsoft ML Buildings", "source_item.license": "ODbL-1.0", "source_item.record_id": null, "source_item.update_time": "2016-07-29T00:00:00.000Z", "source_item.confidence": null, "source_item.between": null, "source_type": "ml" }, "geometry": { "type": "Polygon", "coordinates": [ [ [ 50.6653098, 53.2827051 ], [ 50.6653588, 53.2827234 ], [ 50.6652791, 53.2827994 ], [ 50.6652301, 53.282781 ], [ 50.6653098, 53.2827051 ] ] ] } },
{ "type": "Feature", "properties": { "id": "330bfa21-8115-4db2-8aa4-2c49b284053d", "names.primary": null, "sources": [ { "property": "", "dataset": "Microsoft ML Buildings", "license": "ODbL-1.0", "record_id": null, "update_time": "2016-07-29T00:00:00.000Z", "confidence": null, "between": null } ], "level": null, "height": null, "min_height": null, "is_underground": false, "num_floors": null, "num_floors_underground": null, "min_floor": null, "subtype": null, "class": null, "facade_color": null, "facade_material": null, "roof_material": null, "roof_shape": null, "roof_direction": null, "roof_orientation": null, "roof_color": null, "roof_height": null, "has_parts": false, "version": 3, "bbox.xmin": 50.664955139160156, "bbox.xmax": 50.665069580078125, "bbox.ymin": 53.282634735107422, "bbox.ymax": 53.282703399658203, "theme": "buildings", "type": "building", "xmin": 50.6643816, "ymin": 53.2825064, "xmax": 50.6711443, "ymax": 53.2855954, "source_item.property": "", "source_item.dataset": "Microsoft ML Buildings", "source_item.license": "ODbL-1.0", "source_item.record_id": null, "source_item.update_time": "2016-07-29T00:00:00.000Z", "source_item.confidence": null, "source_item.between": null, "source_type": "ml" }, "geometry": { "type": "Polygon", "coordinates": [ [ [ 50.6650309, 53.2826976 ], [ 50.6649626, 53.2826726 ], [ 50.6649996, 53.2826364 ], [ 50.6650679, 53.2826614 ], [ 50.6650309, 53.2826976 ] ] ] } },
{ "type": "Feature", "properties": { "id": "220dc425-6c4f-4e26-aeb7-08681227fd98", "names.primary": null, "sources": [ { "property": "", "dataset": "Microsoft ML Buildings", "license": "ODbL-1.0", "record_id": null, "update_time": "2016-07-29T00:00:00.000Z", "confidence": null, "between": null } ], "level": null, "height": null, "min_height": null, "is_underground": false, "num_floors": null, "num_floors_underground": null, "min_floor": null, "subtype": null, "class": null, "facade_color": null, "facade_material": null, "roof_material": null, "roof_shape": null, "roof_direction": null, "roof_orientation": null, "roof_color": null, "roof_height": null, "has_parts": false, "version": 3, "bbox.xmin": 50.665016174316406, "bbox.xmax": 50.665092468261719, "bbox.ymin": 53.282791137695312, "bbox.ymax": 53.282844543457031, "theme": "buildings", "type": "building", "xmin": 50.6643816, "ymin": 53.2825064, "xmax": 50.6711443, "ymax": 53.2855954, "source_item.property": "", "source_item.dataset": "Microsoft ML Buildings", "source_item.license": "ODbL-1.0", "source_item.record_id": null, "source_item.update_time": "2016-07-29T00:00:00.000Z", "source_item.confidence": null, "source_item.between": null, "source_type": "ml" }, "geometry": { "type": "Polygon", "coordinates": [ [ [ 50.6650445, 53.282798 ], [ 50.6650911, 53.2828292 ], [ 50.6650628, 53.2828443 ], [ 50.6650162, 53.2828132 ], [ 50.6650445, 53.282798 ] ] ] } },
{ "type": "Feature", "properties": { "id": "2b0491c9-a7f7-4bf1-b295-eadec5d98836", "names.primary": null, "sources": [ { "property": "", "dataset": "OpenStreetMap", "license": "ODbL-1.0", "record_id": "w1476555742@2", "update_time": "2026-02-17T15:38:07.000Z", "confidence": null, "between": null } ], "level": null, "height": null, "min_height": null, "is_underground": false, "num_floors": 1, "num_floors_underground": null, "min_floor": null, "subtype": "residential", "class": "house", "facade_color": null, "facade_material": null, "roof_material": null, "roof_shape": null, "roof_direction": null, "roof_orientation": null, "roof_color": null, "roof_height": null, "has_parts": false, "version": 1, "bbox.xmin": 50.664955139160156, "bbox.xmax": 50.665111541748047, "bbox.ymin": 53.283138275146484, "bbox.ymax": 53.283226013183594, "theme": "buildings", "type": "building", "xmin": 50.6643816, "ymin": 53.2825064, "xmax": 50.6711443, "ymax": 53.2855954, "source_item.property": "", "source_item.dataset": "OpenStreetMap", "source_item.license": "ODbL-1.0", "source_item.record_id": "w1476555742@2", "source_item.update_time": "2026-02-17T15:38:07.000Z", "source_item.confidence": null, "source_item.between": null, "source_type": "my" }, "geometry": { "type": "Polygon", "coordinates": [ [ [ 50.6650476, 53.2832257 ], [ 50.6649612, 53.2831914 ], [ 50.6650187, 53.2831397 ], [ 50.665105, 53.283174 ], [ 50.6650476, 53.2832257 ] ] ] } },
{ "type": "Feature", "properties": { "id": "13c4ed8b-3a66-4817-aeb9-bfb8a4a9dc2f", "names.primary": null, "sources": [ { "property": "", "dataset": "Microsoft ML Buildings", "license": "ODbL-1.0", "record_id": null, "update_time": "2016-07-29T00:00:00.000Z", "confidence": null, "between": null } ], "level": null, "height": null, "min_height": null, "is_underground": false, "num_floors": null, "num_floors_underground": null, "min_floor": null, "subtype": null, "class": null, "facade_color": null, "facade_material": null, "roof_material": null, "roof_shape": null, "roof_direction": null, "roof_orientation": null, "roof_color": null, "roof_height": null, "has_parts": false, "version": 3, "bbox.xmin": 50.665191650390625, "bbox.xmax": 50.665290832519531, "bbox.ymin": 53.282852172851562, "bbox.ymax": 53.282928466796875, "theme": "buildings", "type": "building", "xmin": 50.6643816, "ymin": 53.2825064, "xmax": 50.6711443, "ymax": 53.2855954, "source_item.property": "", "source_item.dataset": "Microsoft ML Buildings", "source_item.license": "ODbL-1.0", "source_item.record_id": null, "source_item.update_time": "2016-07-29T00:00:00.000Z", "source_item.confidence": null, "source_item.between": null, "source_type": "ml" }, "geometry": { "type": "Polygon", "coordinates": [ [ [ 50.6652404, 53.2829276 ], [ 50.665192, 53.282911 ], [ 50.6652425, 53.2828585 ], [ 50.6652908, 53.2828751 ], [ 50.6652404, 53.2829276 ] ] ] } },
{ "type": "Feature", "properties": { "id": "17483bf2-c4d2-45a3-b969-48c04730525a", "names.primary": null, "sources": [ { "property": "", "dataset": "Microsoft ML Buildings", "license": "ODbL-1.0", "record_id": null, "update_time": "2016-07-29T00:00:00.000Z", "confidence": null, "between": null } ], "level": null, "height": null, "min_height": null, "is_underground": false, "num_floors": null, "num_floors_underground": null, "min_floor": null, "subtype": null, "class": null, "facade_color": null, "facade_material": null, "roof_material": null, "roof_shape": null, "roof_direction": null, "roof_orientation": null, "roof_color": null, "roof_height": null, "has_parts": false, "version": 3, "bbox.xmin": 50.665603637695312, "bbox.xmax": 50.665786743164062, "bbox.ymin": 53.282981872558594, "bbox.ymax": 53.2830810546875, "theme": "buildings", "type": "building", "xmin": 50.6643816, "ymin": 53.2825064, "xmax": 50.6711443, "ymax": 53.2855954, "source_item.property": "", "source_item.dataset": "Microsoft ML Buildings", "source_item.license": "ODbL-1.0", "source_item.record_id": null, "source_item.update_time": "2016-07-29T00:00:00.000Z", "source_item.confidence": null, "source_item.between": null, "source_type": "ml" }, "geometry": { "type": "Polygon", "coordinates": [ [ [ 50.6656578, 53.2829824 ], [ 50.6657858, 53.283029 ], [ 50.6657334, 53.2830805 ], [ 50.6656053, 53.2830338 ], [ 50.6656578, 53.2829824 ] ] ] } },
{ "type": "Feature", "properties": { "id": "5fdff42b-cbd9-4a1f-9a21-ff706ebdb1d3", "names.primary": null, "sources": [ { "property": "", "dataset": "OpenStreetMap", "license": "ODbL-1.0", "record_id": "w1476555738@2", "update_time": "2026-02-17T15:38:07.000Z", "confidence": null, "between": null } ], "level": null, "height": null, "min_height": null, "is_underground": false, "num_floors": 1, "num_floors_underground": null, "min_floor": null, "subtype": "residential", "class": "house", "facade_color": null, "facade_material": null, "roof_material": null, "roof_shape": null, "roof_direction": null, "roof_orientation": null, "roof_color": null, "roof_height": null, "has_parts": false, "version": 4, "bbox.xmin": 50.665225982666016, "bbox.xmax": 50.665550231933594, "bbox.ymin": 53.283039093017578, "bbox.ymax": 53.283222198486328, "theme": "buildings", "type": "building", "xmin": 50.6643816, "ymin": 53.2825064, "xmax": 50.6711443, "ymax": 53.2855954, "source_item.property": "", "source_item.dataset": "OpenStreetMap", "source_item.license": "ODbL-1.0", "source_item.record_id": "w1476555738@2", "source_item.update_time": "2026-02-17T15:38:07.000Z", "source_item.confidence": null, "source_item.between": null, "source_type": "my" }, "geometry": { "type": "Polygon", "coordinates": [ [ [ 50.665468, 53.283215 ], [ 50.6652271, 53.2831241 ], [ 50.6653088, 53.2830467 ], [ 50.6655498, 53.2831376 ], [ 50.665468, 53.283215 ] ] ] } },
{ "type": "Feature", "properties": { "id": "b43c3de5-2d41-42ec-8b89-0a46d9354f58", "names.primary": null, "sources": [ { "property": "", "dataset": "Microsoft ML Buildings", "license": "ODbL-1.0", "record_id": null, "update_time": "2016-07-29T00:00:00.000Z", "confidence": null, "between": null } ], "level": null, "height": null, "min_height": null, "is_underground": false, "num_floors": null, "num_floors_underground": null, "min_floor": null, "subtype": null, "class": null, "facade_color": null, "facade_material": null, "roof_material": null, "roof_shape": null, "roof_direction": null, "roof_orientation": null, "roof_color": null, "roof_height": null, "has_parts": false, "version": 3, "bbox.xmin": 50.665523529052734, "bbox.xmax": 50.665618896484375, "bbox.ymin": 53.283561706542969, "bbox.ymax": 53.283611297607422, "theme": "buildings", "type": "building", "xmin": 50.6643816, "ymin": 53.2825064, "xmax": 50.6711443, "ymax": 53.2855954, "source_item.property": "", "source_item.dataset": "Microsoft ML Buildings", "source_item.license": "ODbL-1.0", "source_item.record_id": null, "source_item.update_time": "2016-07-29T00:00:00.000Z", "source_item.confidence": null, "source_item.between": null, "source_type": "ml" }, "geometry": { "type": "Polygon", "coordinates": [ [ [ 50.6655245, 53.283589 ], [ 50.665548, 53.2835628 ], [ 50.6656125, 53.2835835 ], [ 50.6655891, 53.2836097 ], [ 50.6655245, 53.283589 ] ] ] } },
{ "type": "Feature", "properties": { "id": "5c128cd4-6952-487e-9d88-37fbe57daed1", "names.primary": null, "sources": [ { "property": "", "dataset": "Microsoft ML Buildings", "license": "ODbL-1.0", "record_id": null, "update_time": "2016-07-29T00:00:00.000Z", "confidence": null, "between": null } ], "level": null, "height": null, "min_height": null, "is_underground": false, "num_floors": null, "num_floors_underground": null, "min_floor": null, "subtype": null, "class": null, "facade_color": null, "facade_material": null, "roof_material": null, "roof_shape": null, "roof_direction": null, "roof_orientation": null, "roof_color": null, "roof_height": null, "has_parts": false, "version": 3, "bbox.xmin": 50.665363311767578, "bbox.xmax": 50.665439605712891, "bbox.ymin": 53.283481597900391, "bbox.ymax": 53.283538818359375, "theme": "buildings", "type": "building", "xmin": 50.6643816, "ymin": 53.2825064, "xmax": 50.6711443, "ymax": 53.2855954, "source_item.property": "", "source_item.dataset": "Microsoft ML Buildings", "source_item.license": "ODbL-1.0", "source_item.record_id": null, "source_item.update_time": "2016-07-29T00:00:00.000Z", "source_item.confidence": null, "source_item.between": null, "source_type": "ml" }, "geometry": { "type": "Polygon", "coordinates": [ [ [ 50.6653697, 53.2835231 ], [ 50.665393, 53.2834831 ], [ 50.6654327, 53.2834913 ], [ 50.6654095, 53.2835314 ], [ 50.6653697, 53.2835231 ] ] ] } },
{ "type": "Feature", "properties": { "id": "fc965149-cf3a-4ae7-bef0-876080a4c17a", "names.primary": null, "sources": [ { "property": "", "dataset": "Microsoft ML Buildings", "license": "ODbL-1.0", "record_id": null, "update_time": "2016-07-29T00:00:00.000Z", "confidence": null, "between": null } ], "level": null, "height": null, "min_height": null, "is_underground": false, "num_floors": null, "num_floors_underground": null, "min_floor": null, "subtype": null, "class": null, "facade_color": null, "facade_material": null, "roof_material": null, "roof_shape": null, "roof_direction": null, "roof_orientation": null, "roof_color": null, "roof_height": null, "has_parts": false, "version": 3, "bbox.xmin": 50.665294647216797, "bbox.xmax": 50.665435791015625, "bbox.ymin": 53.283554077148438, "bbox.ymax": 53.283638000488281, "theme": "buildings", "type": "building", "xmin": 50.6643816, "ymin": 53.2825064, "xmax": 50.6711443, "ymax": 53.2855954, "source_item.property": "", "source_item.dataset": "Microsoft ML Buildings", "source_item.license": "ODbL-1.0", "source_item.record_id": null, "source_item.update_time": "2016-07-29T00:00:00.000Z", "source_item.confidence": null, "source_item.between": null, "source_type": "ml" }, "geometry": { "type": "Polygon", "coordinates": [ [ [ 50.6653895, 53.2836304 ], [ 50.6652957, 53.2836036 ], [ 50.6653343, 53.2835553 ], [ 50.6654282, 53.2835821 ], [ 50.6653895, 53.2836304 ] ] ] } },
{ "type": "Feature", "properties": { "id": "990df294-be7e-4ef5-9ddb-961721bef2c9", "names.primary": null, "sources": [ { "property": "", "dataset": "OpenStreetMap", "license": "ODbL-1.0", "record_id": "w1476555740@2", "update_time": "2026-02-17T15:38:07.000Z", "confidence": null, "between": null } ], "level": null, "height": null, "min_height": null, "is_underground": false, "num_floors": 1, "num_floors_underground": null, "min_floor": null, "subtype": "residential", "class": "house", "facade_color": null, "facade_material": null, "roof_material": null, "roof_shape": null, "roof_direction": null, "roof_orientation": null, "roof_color": null, "roof_height": null, "has_parts": false, "version": 1, "bbox.xmin": 50.6651611328125, "bbox.xmax": 50.665290832519531, "bbox.ymin": 53.283477783203125, "bbox.ymax": 53.283565521240234, "theme": "buildings", "type": "building", "xmin": 50.6643816, "ymin": 53.2825064, "xmax": 50.6711443, "ymax": 53.2855954, "source_item.property": "", "source_item.dataset": "OpenStreetMap", "source_item.license": "ODbL-1.0", "source_item.record_id": "w1476555740@2", "source_item.update_time": "2026-02-17T15:38:07.000Z", "source_item.confidence": null, "source_item.between": null, "source_type": "my" }, "geometry": { "type": "Polygon", "coordinates": [ [ [ 50.6652259, 53.2834837 ], [ 50.6652893, 53.2835119 ], [ 50.6652248, 53.2835637 ], [ 50.6651615, 53.2835355 ], [ 50.6652259, 53.2834837 ] ] ] } },
{ "type": "Feature", "properties": { "id": "f48ea8d7-3c15-4911-8d6b-b21b4c3a84dd", "names.primary": null, "sources": [ { "property": "", "dataset": "OpenStreetMap", "license": "ODbL-1.0", "record_id": "w1476555739@2", "update_time": "2026-02-17T15:38:07.000Z", "confidence": null, "between": null } ], "level": null, "height": null, "min_height": null, "is_underground": false, "num_floors": 1, "num_floors_underground": null, "min_floor": null, "subtype": "residential", "class": "house", "facade_color": null, "facade_material": null, "roof_material": null, "roof_shape": null, "roof_direction": null, "roof_orientation": null, "roof_color": null, "roof_height": null, "has_parts": false, "version": 1, "bbox.xmin": 50.665008544921875, "bbox.xmax": 50.665164947509766, "bbox.ymin": 53.283435821533203, "bbox.ymax": 53.283542633056641, "theme": "buildings", "type": "building", "xmin": 50.6643816, "ymin": 53.2825064, "xmax": 50.6711443, "ymax": 53.2855954, "source_item.property": "", "source_item.dataset": "OpenStreetMap", "source_item.license": "ODbL-1.0", "source_item.record_id": "w1476555739@2", "source_item.update_time": "2026-02-17T15:38:07.000Z", "source_item.confidence": null, "source_item.between": null, "source_type": "my" }, "geometry": { "type": "Polygon", "coordinates": [ [ [ 50.6650886, 53.2835361 ], [ 50.6650087, 53.2835034 ], [ 50.6650846, 53.2834371 ], [ 50.6651645, 53.2834698 ], [ 50.6650886, 53.2835361 ] ] ] } },
{ "type": "Feature", "properties": { "id": "3f346632-1bb3-477a-b1da-980ea024476e", "names.primary": null, "sources": [ { "property": "", "dataset": "Microsoft ML Buildings", "license": "ODbL-1.0", "record_id": null, "update_time": "2016-07-29T00:00:00.000Z", "confidence": null, "between": null } ], "level": null, "height": null, "min_height": null, "is_underground": false, "num_floors": null, "num_floors_underground": null, "min_floor": null, "subtype": null, "class": null, "facade_color": null, "facade_material": null, "roof_material": null, "roof_shape": null, "roof_direction": null, "roof_orientation": null, "roof_color": null, "roof_height": null, "has_parts": false, "version": 3, "bbox.xmin": 50.664756774902344, "bbox.xmax": 50.66485595703125, "bbox.ymin": 53.283432006835938, "bbox.ymax": 53.283515930175781, "theme": "buildings", "type": "building", "xmin": 50.6643816, "ymin": 53.2825064, "xmax": 50.6711443, "ymax": 53.2855954, "source_item.property": "", "source_item.dataset": "Microsoft ML Buildings", "source_item.license": "ODbL-1.0", "source_item.record_id": null, "source_item.update_time": "2016-07-29T00:00:00.000Z", "source_item.confidence": null, "source_item.between": null, "source_type": "ml" }, "geometry": { "type": "Polygon", "coordinates": [ [ [ 50.6648024, 53.2835086 ], [ 50.6647573, 53.2834968 ], [ 50.6648036, 53.2834335 ], [ 50.6648486, 53.2834453 ], [ 50.6648024, 53.2835086 ] ] ] } },
{ "type": "Feature", "properties": { "id": "26549d81-e579-43a2-8796-4e634ec7a455", "names.primary": null, "sources": [ { "property": "", "dataset": "Microsoft ML Buildings", "license": "ODbL-1.0", "record_id": null, "update_time": "2016-07-29T00:00:00.000Z", "confidence": null, "between": null } ], "level": null, "height": null, "min_height": null, "is_underground": false, "num_floors": null, "num_floors_underground": null, "min_floor": null, "subtype": null, "class": null, "facade_color": null, "facade_material": null, "roof_material": null, "roof_shape": null, "roof_direction": null, "roof_orientation": null, "roof_color": null, "roof_height": null, "has_parts": false, "version": 3, "bbox.xmin": 50.664710998535156, "bbox.xmax": 50.664871215820312, "bbox.ymin": 53.283252716064453, "bbox.ymax": 53.283351898193359, "theme": "buildings", "type": "building", "xmin": 50.6643816, "ymin": 53.2825064, "xmax": 50.6711443, "ymax": 53.2855954, "source_item.property": "", "source_item.dataset": "Microsoft ML Buildings", "source_item.license": "ODbL-1.0", "source_item.record_id": null, "source_item.update_time": "2016-07-29T00:00:00.000Z", "source_item.confidence": null, "source_item.between": null, "source_type": "ml" }, "geometry": { "type": "Polygon", "coordinates": [ [ [ 50.6647178, 53.2833072 ], [ 50.664764, 53.28326 ], [ 50.6648699, 53.2832971 ], [ 50.6648237, 53.2833443 ], [ 50.6647178, 53.2833072 ] ] ] } },
{ "type": "Feature", "properties": { "id": "c1ccf3de-4ead-48c4-b2d8-877302d73b5a", "names.primary": null, "sources": [ { "property": "", "dataset": "OpenStreetMap", "license": "ODbL-1.0", "record_id": "w1476555743@2", "update_time": "2026-02-17T15:38:07.000Z", "confidence": null, "between": null } ], "level": null, "height": null, "min_height": null, "is_underground": false, "num_floors": 1, "num_floors_underground": null, "min_floor": null, "subtype": "residential", "class": "house", "facade_color": null, "facade_material": null, "roof_material": null, "roof_shape": null, "roof_direction": null, "roof_orientation": null, "roof_color": null, "roof_height": null, "has_parts": false, "version": 1, "bbox.xmin": 50.664859771728516, "bbox.xmax": 50.664985656738281, "bbox.ymin": 53.283119201660156, "bbox.ymax": 53.283199310302734, "theme": "buildings", "type": "building", "xmin": 50.6643816, "ymin": 53.2825064, "xmax": 50.6711443, "ymax": 53.2855954, "source_item.property": "", "source_item.dataset": "OpenStreetMap", "source_item.license": "ODbL-1.0", "source_item.record_id": "w1476555743@2", "source_item.update_time": "2026-02-17T15:38:07.000Z", "source_item.confidence": null, "source_item.between": null, "source_type": "my" }, "geometry": { "type": "Polygon", "coordinates": [ [ [ 50.6649312, 53.2831928 ], [ 50.6648671, 53.2831661 ], [ 50.664921, 53.2831198 ], [ 50.6649851, 53.2831465 ], [ 50.6649312, 53.2831928 ] ] ] } },
{ "type": "Feature", "properties": { "id": "a884f1e7-7d68-4b40-93d1-4c458da30acc", "names.primary": null, "sources": [ { "property": "", "dataset": "OpenStreetMap", "license": "ODbL-1.0", "record_id": "w1476555744@2", "update_time": "2026-02-17T15:38:07.000Z", "confidence": null, "between": null } ], "level": null, "height": null, "min_height": null, "is_underground": false, "num_floors": 1, "num_floors_underground": null, "min_floor": null, "subtype": "residential", "class": "house", "facade_color": null, "facade_material": null, "roof_material": null, "roof_shape": null, "roof_direction": null, "roof_orientation": null, "roof_color": null, "roof_height": null, "has_parts": false, "version": 1, "bbox.xmin": 50.664745330810547, "bbox.xmax": 50.664875030517578, "bbox.ymin": 53.283092498779297, "bbox.ymax": 53.283172607421875, "theme": "buildings", "type": "building", "xmin": 50.6643816, "ymin": 53.2825064, "xmax": 50.6711443, "ymax": 53.2855954, "source_item.property": "", "source_item.dataset": "OpenStreetMap", "source_item.license": "ODbL-1.0", "source_item.record_id": "w1476555744@2", "source_item.update_time": "2026-02-17T15:38:07.000Z", "source_item.confidence": null, "source_item.between": null, "source_type": "my" }, "geometry": { "type": "Polygon", "coordinates": [ [ [ 50.6648279, 53.2831663 ], [ 50.6647518, 53.2831317 ], [ 50.664793, 53.2830993 ], [ 50.6648691, 53.2831338 ], [ 50.6648279, 53.2831663 ] ] ] } },
{ "type": "Feature", "properties": { "id": "1e0865dc-5997-4901-a237-758ffc7d235c", "names.primary": null, "sources": [ { "property": "", "dataset": "Microsoft ML Buildings", "license": "ODbL-1.0", "record_id": null, "update_time": "2016-07-29T00:00:00.000Z", "confidence": null, "between": null } ], "level": null, "height": null, "min_height": null, "is_underground": false, "num_floors": null, "num_floors_underground": null, "min_floor": null, "subtype": null, "class": null, "facade_color": null, "facade_material": null, "roof_material": null, "roof_shape": null, "roof_direction": null, "roof_orientation": null, "roof_color": null, "roof_height": null, "has_parts": false, "version": 3, "bbox.xmin": 50.66461181640625, "bbox.xmax": 50.664730072021484, "bbox.ymin": 53.282844543457031, "bbox.ymax": 53.282905578613281, "theme": "buildings", "type": "building", "xmin": 50.6643816, "ymin": 53.2825064, "xmax": 50.6711443, "ymax": 53.2855954, "source_item.property": "", "source_item.dataset": "Microsoft ML Buildings", "source_item.license": "ODbL-1.0", "source_item.record_id": null, "source_item.update_time": "2016-07-29T00:00:00.000Z", "source_item.confidence": null, "source_item.between": null, "source_type": "ml" }, "geometry": { "type": "Polygon", "coordinates": [ [ [ 50.6646133, 53.2828685 ], [ 50.6646339, 53.2828464 ], [ 50.6647229, 53.2828762 ], [ 50.6647024, 53.2828982 ], [ 50.6646133, 53.2828685 ] ] ] } },
{ "type": "Feature", "properties": { "id": "74c2364f-b296-4843-8fbe-24e1e2d66ab1", "names.primary": null, "sources": [ { "property": "", "dataset": "OpenStreetMap", "license": "ODbL-1.0", "record_id": "w1476555745@2", "update_time": "2026-02-17T15:38:07.000Z", "confidence": null, "between": null } ], "level": null, "height": null, "min_height": null, "is_underground": false, "num_floors": 1, "num_floors_underground": null, "min_floor": null, "subtype": "residential", "class": "house", "facade_color": null, "facade_material": null, "roof_material": null, "roof_shape": null, "roof_direction": null, "roof_orientation": null, "roof_color": null, "roof_height": null, "has_parts": false, "version": 1, "bbox.xmin": 50.664646148681641, "bbox.xmax": 50.664772033691406, "bbox.ymin": 53.283042907714844, "bbox.ymax": 53.283123016357422, "theme": "buildings", "type": "building", "xmin": 50.6643816, "ymin": 53.2825064, "xmax": 50.6711443, "ymax": 53.2855954, "source_item.property": "", "source_item.dataset": "OpenStreetMap", "source_item.license": "ODbL-1.0", "source_item.record_id": "w1476555745@2", "source_item.update_time": "2026-02-17T15:38:07.000Z", "source_item.confidence": null, "source_item.between": null, "source_type": "my" }, "geometry": { "type": "Polygon", "coordinates": [ [ [ 50.6647261, 53.2831162 ], [ 50.6646469, 53.2830781 ], [ 50.6646865, 53.2830488 ], [ 50.6647656, 53.2830869 ], [ 50.6647261, 53.2831162 ] ] ] } },
{ "type": "Feature", "properties": { "id": "0d6b25ea-0d61-40fe-a77b-337b0ec4cb0f", "names.primary": null, "sources": [ { "property": "", "dataset": "Microsoft ML Buildings", "license": "ODbL-1.0", "record_id": null, "update_time": "2016-07-29T00:00:00.000Z", "confidence": null, "between": null } ], "level": null, "height": null, "min_height": null, "is_underground": false, "num_floors": null, "num_floors_underground": null, "min_floor": null, "subtype": null, "class": null, "facade_color": null, "facade_material": null, "roof_material": null, "roof_shape": null, "roof_direction": null, "roof_orientation": null, "roof_color": null, "roof_height": null, "has_parts": false, "version": 3, "bbox.xmin": 50.664588928222656, "bbox.xmax": 50.6646728515625, "bbox.ymin": 53.283184051513672, "bbox.ymax": 53.283256530761719, "theme": "buildings", "type": "building", "xmin": 50.6643816, "ymin": 53.2825064, "xmax": 50.6711443, "ymax": 53.2855954, "source_item.property": "", "source_item.dataset": "Microsoft ML Buildings", "source_item.license": "ODbL-1.0", "source_item.record_id": null, "source_item.update_time": "2016-07-29T00:00:00.000Z", "source_item.confidence": null, "source_item.between": null, "source_type": "ml" }, "geometry": { "type": "Polygon", "coordinates": [ [ [ 50.6646415, 53.2832502 ], [ 50.664589, 53.2832382 ], [ 50.6646191, 53.2831913 ], [ 50.6646716, 53.2832033 ], [ 50.6646415, 53.2832502 ] ] ] } },
{ "type": "Feature", "properties": { "id": "22c7710a-b19e-476a-9fa4-cccfea35bfc1", "names.primary": null, "sources": [ { "property": "", "dataset": "OpenStreetMap", "license": "ODbL-1.0", "record_id": "w1476555741@2", "update_time": "2026-02-17T15:38:07.000Z", "confidence": null, "between": null } ], "level": null, "height": null, "min_height": null, "is_underground": false, "num_floors": 1, "num_floors_underground": null, "min_floor": null, "subtype": "residential", "class": "house", "facade_color": null, "facade_material": null, "roof_material": null, "roof_shape": null, "roof_direction": null, "roof_orientation": null, "roof_color": null, "roof_height": null, "has_parts": false, "version": 1, "bbox.xmin": 50.664375305175781, "bbox.xmax": 50.664516448974609, "bbox.ymin": 53.283157348632812, "bbox.ymax": 53.283241271972656, "theme": "buildings", "type": "building", "xmin": 50.6643816, "ymin": 53.2825064, "xmax": 50.6711443, "ymax": 53.2855954, "source_item.property": "", "source_item.dataset": "OpenStreetMap", "source_item.license": "ODbL-1.0", "source_item.record_id": "w1476555741@2", "source_item.update_time": "2026-02-17T15:38:07.000Z", "source_item.confidence": null, "source_item.between": null, "source_type": "my" }, "geometry": { "type": "Polygon", "coordinates": [ [ [ 50.6644643, 53.2832403 ], [ 50.6643816, 53.2832131 ], [ 50.6644273, 53.2831634 ], [ 50.66451, 53.2831906 ], [ 50.6644643, 53.2832403 ] ] ] } },
{ "type": "Feature", "properties": { "id": "550fc0a5-c40c-40b7-a589-86ba95695cb8", "names.primary": null, "sources": [ { "property": "", "dataset": "Microsoft ML Buildings", "license": "ODbL-1.0", "record_id": null, "update_time": "2016-07-29T00:00:00.000Z", "confidence": null, "between": null } ], "level": null, "height": null, "min_height": null, "is_underground": false, "num_floors": null, "num_floors_underground": null, "min_floor": null, "subtype": null, "class": null, "facade_color": null, "facade_material": null, "roof_material": null, "roof_shape": null, "roof_direction": null, "roof_orientation": null, "roof_color": null, "roof_height": null, "has_parts": false, "version": 3, "bbox.xmin": 50.664402008056641, "bbox.xmax": 50.664581298828125, "bbox.ymin": 53.282970428466797, "bbox.ymax": 53.283046722412109, "theme": "buildings", "type": "building", "xmin": 50.6643816, "ymin": 53.2825064, "xmax": 50.6711443, "ymax": 53.2855954, "source_item.property": "", "source_item.dataset": "Microsoft ML Buildings", "source_item.license": "ODbL-1.0", "source_item.record_id": null, "source_item.update_time": "2016-07-29T00:00:00.000Z", "source_item.confidence": null, "source_item.between": null, "source_type": "ml" }, "geometry": { "type": "Polygon", "coordinates": [ [ [ 50.6645615, 53.2830178 ], [ 50.6644863, 53.2830094 ], [ 50.6644749, 53.2830458 ], [ 50.6644024, 53.2830377 ], [ 50.6644176, 53.2829889 ], [ 50.6645057, 53.2829988 ], [ 50.6645144, 53.2829709 ], [ 50.6645741, 53.2829775 ], [ 50.6645615, 53.2830178 ] ] ] } },
{ "type": "Feature", "properties": { "id": "4d6ccf7d-4ed9-4e81-bb20-b518cc85343d", "names.primary": null, "sources": [ { "property": "", "dataset": "Microsoft ML Buildings", "license": "ODbL-1.0", "record_id": null, "update_time": "2016-07-29T00:00:00.000Z", "confidence": null, "between": null } ], "level": null, "height": null, "min_height": null, "is_underground": false, "num_floors": null, "num_floors_underground": null, "min_floor": null, "subtype": null, "class": null, "facade_color": null, "facade_material": null, "roof_material": null, "roof_shape": null, "roof_direction": null, "roof_orientation": null, "roof_color": null, "roof_height": null, "has_parts": false, "version": 3, "bbox.xmin": 50.664398193359375, "bbox.xmax": 50.664604187011719, "bbox.ymin": 53.283672332763672, "bbox.ymax": 53.283790588378906, "theme": "buildings", "type": "building", "xmin": 50.6643816, "ymin": 53.2825064, "xmax": 50.6711443, "ymax": 53.2855954, "source_item.property": "", "source_item.dataset": "Microsoft ML Buildings", "source_item.license": "ODbL-1.0", "source_item.record_id": null, "source_item.update_time": "2016-07-29T00:00:00.000Z", "source_item.confidence": null, "source_item.between": null, "source_type": "ml" }, "geometry": { "type": "Polygon", "coordinates": [ [ [ 50.6644632, 53.283784 ], [ 50.6644057, 53.2837631 ], [ 50.6644962, 53.2836742 ], [ 50.6646038, 53.2837134 ], [ 50.6645376, 53.2837783 ], [ 50.6644876, 53.2837601 ], [ 50.6644632, 53.283784 ] ] ] } },
{ "type": "Feature", "properties": { "id": "60d1cc76-0e7e-4421-859a-af9e18c5ce01", "names.primary": null, "sources": [ { "property": "", "dataset": "Microsoft ML Buildings", "license": "ODbL-1.0", "record_id": null, "update_time": "2016-07-29T00:00:00.000Z", "confidence": null, "between": null } ], "level": null, "height": null, "min_height": null, "is_underground": false, "num_floors": null, "num_floors_underground": null, "min_floor": null, "subtype": null, "class": null, "facade_color": null, "facade_material": null, "roof_material": null, "roof_shape": null, "roof_direction": null, "roof_orientation": null, "roof_color": null, "roof_height": null, "has_parts": false, "version": 3, "bbox.xmin": 50.664691925048828, "bbox.xmax": 50.664905548095703, "bbox.ymin": 53.283714294433594, "bbox.ymax": 53.283855438232422, "theme": "buildings", "type": "building", "xmin": 50.6643816, "ymin": 53.2825064, "xmax": 50.6711443, "ymax": 53.2855954, "source_item.property": "", "source_item.dataset": "Microsoft ML Buildings", "source_item.license": "ODbL-1.0", "source_item.record_id": null, "source_item.update_time": "2016-07-29T00:00:00.000Z", "source_item.confidence": null, "source_item.between": null, "source_type": "ml" }, "geometry": { "type": "Polygon", "coordinates": [ [ [ 50.6647269, 53.2837211 ], [ 50.6647853, 53.2837373 ], [ 50.6647704, 53.2837565 ], [ 50.6649043, 53.2837935 ], [ 50.6648609, 53.2838496 ], [ 50.6647416, 53.2838166 ], [ 50.6647712, 53.2837783 ], [ 50.6646983, 53.2837581 ], [ 50.6647269, 53.2837211 ] ] ] } },
{ "type": "Feature", "properties": { "id": "c6d06a76-bfb6-4093-842b-0a8c9b810808", "names.primary": null, "sources": [ { "property": "", "dataset": "Microsoft ML Buildings", "license": "ODbL-1.0", "record_id": null, "update_time": "2016-07-29T00:00:00.000Z", "confidence": null, "between": null } ], "level": null, "height": null, "min_height": null, "is_underground": false, "num_floors": null, "num_floors_underground": null, "min_floor": null, "subtype": null, "class": null, "facade_color": null, "facade_material": null, "roof_material": null, "roof_shape": null, "roof_direction": null, "roof_orientation": null, "roof_color": null, "roof_height": null, "has_parts": false, "version": 3, "bbox.xmin": 50.66485595703125, "bbox.xmax": 50.664989471435547, "bbox.ymin": 53.283809661865234, "bbox.ymax": 53.283893585205078, "theme": "buildings", "type": "building", "xmin": 50.6643816, "ymin": 53.2825064, "xmax": 50.6711443, "ymax": 53.2855954, "source_item.property": "", "source_item.dataset": "Microsoft ML Buildings", "source_item.license": "ODbL-1.0", "source_item.record_id": null, "source_item.update_time": "2016-07-29T00:00:00.000Z", "source_item.confidence": null, "source_item.between": null, "source_type": "ml" }, "geometry": { "type": "Polygon", "coordinates": [ [ [ 50.6649452, 53.2838934 ], [ 50.6648568, 53.2838649 ], [ 50.6649, 53.2838171 ], [ 50.6649884, 53.2838457 ], [ 50.6649452, 53.2838934 ] ] ] } },
{ "type": "Feature", "properties": { "id": "7da5f965-afdd-49ee-971a-0c847117d1c4", "names.primary": null, "sources": [ { "property": "", "dataset": "Microsoft ML Buildings", "license": "ODbL-1.0", "record_id": null, "update_time": "2016-07-29T00:00:00.000Z", "confidence": null, "between": null } ], "level": null, "height": null, "min_height": null, "is_underground": false, "num_floors": null, "num_floors_underground": null, "min_floor": null, "subtype": null, "class": null, "facade_color": null, "facade_material": null, "roof_material": null, "roof_shape": null, "roof_direction": null, "roof_orientation": null, "roof_color": null, "roof_height": null, "has_parts": false, "version": 3, "bbox.xmin": 50.664886474609375, "bbox.xmax": 50.665000915527344, "bbox.ymin": 53.284065246582031, "bbox.ymax": 53.284141540527344, "theme": "buildings", "type": "building", "xmin": 50.6643816, "ymin": 53.2825064, "xmax": 50.6711443, "ymax": 53.2855954, "source_item.property": "", "source_item.dataset": "Microsoft ML Buildings", "source_item.license": "ODbL-1.0", "source_item.record_id": null, "source_item.update_time": "2016-07-29T00:00:00.000Z", "source_item.confidence": null, "source_item.between": null, "source_type": "ml" }, "geometry": { "type": "Polygon", "coordinates": [ [ [ 50.664924, 53.284071 ], [ 50.6649943, 53.2840924 ], [ 50.6649585, 53.2841344 ], [ 50.6648882, 53.284113 ], [ 50.664924, 53.284071 ] ] ] } },
{ "type": "Feature", "properties": { "id": "cfc6bfd5-70bb-4cde-b156-2c0fa97d37a1", "names.primary": null, "sources": [ { "property": "", "dataset": "Microsoft ML Buildings", "license": "ODbL-1.0", "record_id": null, "update_time": "2016-07-29T00:00:00.000Z", "confidence": null, "between": null } ], "level": null, "height": null, "min_height": null, "is_underground": false, "num_floors": null, "num_floors_underground": null, "min_floor": null, "subtype": null, "class": null, "facade_color": null, "facade_material": null, "roof_material": null, "roof_shape": null, "roof_direction": null, "roof_orientation": null, "roof_color": null, "roof_height": null, "has_parts": false, "version": 3, "bbox.xmin": 50.664669036865234, "bbox.xmax": 50.664821624755859, "bbox.ymin": 53.284194946289062, "bbox.ymax": 53.2843017578125, "theme": "buildings", "type": "building", "xmin": 50.6643816, "ymin": 53.2825064, "xmax": 50.6711443, "ymax": 53.2855954, "source_item.property": "", "source_item.dataset": "Microsoft ML Buildings", "source_item.license": "ODbL-1.0", "source_item.record_id": null, "source_item.update_time": "2016-07-29T00:00:00.000Z", "source_item.confidence": null, "source_item.between": null, "source_type": "ml" }, "geometry": { "type": "Polygon", "coordinates": [ [ [ 50.6647794, 53.2843015 ], [ 50.6646756, 53.2842864 ], [ 50.6647102, 53.2842016 ], [ 50.664814, 53.2842168 ], [ 50.6647794, 53.2843015 ] ] ] } },
{ "type": "Feature", "properties": { "id": "59152f8b-eb60-442b-bfda-41edf092c232", "names.primary": null, "sources": [ { "property": "", "dataset": "Microsoft ML Buildings", "license": "ODbL-1.0", "record_id": null, "update_time": "2016-07-29T00:00:00.000Z", "confidence": null, "between": null } ], "level": null, "height": null, "min_height": null, "is_underground": false, "num_floors": null, "num_floors_underground": null, "min_floor": null, "subtype": null, "class": null, "facade_color": null, "facade_material": null, "roof_material": null, "roof_shape": null, "roof_direction": null, "roof_orientation": null, "roof_color": null, "roof_height": null, "has_parts": false, "version": 3, "bbox.xmin": 50.664649963378906, "bbox.xmax": 50.664714813232422, "bbox.ymin": 53.284175872802734, "bbox.ymax": 53.284221649169922, "theme": "buildings", "type": "building", "xmin": 50.6643816, "ymin": 53.2825064, "xmax": 50.6711443, "ymax": 53.2855954, "source_item.property": "", "source_item.dataset": "Microsoft ML Buildings", "source_item.license": "ODbL-1.0", "source_item.record_id": null, "source_item.update_time": "2016-07-29T00:00:00.000Z", "source_item.confidence": null, "source_item.between": null, "source_type": "ml" }, "geometry": { "type": "Polygon", "coordinates": [ [ [ 50.6646669, 53.2841767 ], [ 50.6647134, 53.2841863 ], [ 50.6646969, 53.284215 ], [ 50.6646504, 53.2842054 ], [ 50.6646669, 53.2841767 ] ] ] } },
{ "type": "Feature", "properties": { "id": "96e4feac-dae1-493c-88c6-43af44e06d72", "names.primary": null, "sources": [ { "property": "", "dataset": "Microsoft ML Buildings", "license": "ODbL-1.0", "record_id": null, "update_time": "2016-07-29T00:00:00.000Z", "confidence": null, "between": null } ], "level": null, "height": null, "min_height": null, "is_underground": false, "num_floors": null, "num_floors_underground": null, "min_floor": null, "subtype": null, "class": null, "facade_color": null, "facade_material": null, "roof_material": null, "roof_shape": null, "roof_direction": null, "roof_orientation": null, "roof_color": null, "roof_height": null, "has_parts": false, "version": 3, "bbox.xmin": 50.664497375488281, "bbox.xmax": 50.664588928222656, "bbox.ymin": 53.284652709960938, "bbox.ymax": 53.28472900390625, "theme": "buildings", "type": "building", "xmin": 50.6643816, "ymin": 53.2825064, "xmax": 50.6711443, "ymax": 53.2855954, "source_item.property": "", "source_item.dataset": "Microsoft ML Buildings", "source_item.license": "ODbL-1.0", "source_item.record_id": null, "source_item.update_time": "2016-07-29T00:00:00.000Z", "source_item.confidence": null, "source_item.between": null, "source_type": "ml" }, "geometry": { "type": "Polygon", "coordinates": [ [ [ 50.6645523, 53.2847283 ], [ 50.6644983, 53.2847161 ], [ 50.6645338, 53.28466 ], [ 50.6645878, 53.2846722 ], [ 50.6645523, 53.2847283 ] ] ] } },
{ "type": "Feature", "properties": { "id": "44a2c52c-1dcc-4c09-9417-084809a8f00b", "names.primary": null, "sources": [ { "property": "", "dataset": "Microsoft ML Buildings", "license": "ODbL-1.0", "record_id": null, "update_time": "2016-07-29T00:00:00.000Z", "confidence": null, "between": null } ], "level": null, "height": null, "min_height": null, "is_underground": false, "num_floors": null, "num_floors_underground": null, "min_floor": null, "subtype": null, "class": null, "facade_color": null, "facade_material": null, "roof_material": null, "roof_shape": null, "roof_direction": null, "roof_orientation": null, "roof_color": null, "roof_height": null, "has_parts": false, "version": 3, "bbox.xmin": 50.664566040039062, "bbox.xmax": 50.664646148681641, "bbox.ymin": 53.284679412841797, "bbox.ymax": 53.284740447998047, "theme": "buildings", "type": "building", "xmin": 50.6643816, "ymin": 53.2825064, "xmax": 50.6711443, "ymax": 53.2855954, "source_item.property": "", "source_item.dataset": "Microsoft ML Buildings", "source_item.license": "ODbL-1.0", "source_item.record_id": null, "source_item.update_time": "2016-07-29T00:00:00.000Z", "source_item.confidence": null, "source_item.between": null, "source_type": "ml" }, "geometry": { "type": "Polygon", "coordinates": [ [ [ 50.6645826, 53.2846795 ], [ 50.6646388, 53.2846855 ], [ 50.6646225, 53.2847399 ], [ 50.6645663, 53.2847339 ], [ 50.6645826, 53.2846795 ] ] ] } },
{ "type": "Feature", "properties": { "id": "7c9e3a90-ed2a-49d2-acfe-991a4e0c408c", "names.primary": null, "sources": [ { "property": "", "dataset": "Microsoft ML Buildings", "license": "ODbL-1.0", "record_id": null, "update_time": "2016-07-29T00:00:00.000Z", "confidence": null, "between": null } ], "level": null, "height": null, "min_height": null, "is_underground": false, "num_floors": null, "num_floors_underground": null, "min_floor": null, "subtype": null, "class": null, "facade_color": null, "facade_material": null, "roof_material": null, "roof_shape": null, "roof_direction": null, "roof_orientation": null, "roof_color": null, "roof_height": null, "has_parts": false, "version": 3, "bbox.xmin": 50.664680480957031, "bbox.xmax": 50.664752960205078, "bbox.ymin": 53.285015106201172, "bbox.ymax": 53.285057067871094, "theme": "buildings", "type": "building", "xmin": 50.6643816, "ymin": 53.2825064, "xmax": 50.6711443, "ymax": 53.2855954, "source_item.property": "", "source_item.dataset": "Microsoft ML Buildings", "source_item.license": "ODbL-1.0", "source_item.record_id": null, "source_item.update_time": "2016-07-29T00:00:00.000Z", "source_item.confidence": null, "source_item.between": null, "source_type": "ml" }, "geometry": { "type": "Polygon", "coordinates": [ [ [ 50.6647457, 53.2850559 ], [ 50.6646821, 53.2850516 ], [ 50.6646878, 53.2850215 ], [ 50.6647514, 53.2850259 ], [ 50.6647457, 53.2850559 ] ] ] } },
{ "type": "Feature", "properties": { "id": "8db8c813-2ec3-44bb-a8d5-49d3deec2817", "names.primary": null, "sources": [ { "property": "", "dataset": "Microsoft ML Buildings", "license": "ODbL-1.0", "record_id": null, "update_time": "2016-07-29T00:00:00.000Z", "confidence": null, "between": null } ], "level": null, "height": null, "min_height": null, "is_underground": false, "num_floors": null, "num_floors_underground": null, "min_floor": null, "subtype": null, "class": null, "facade_color": null, "facade_material": null, "roof_material": null, "roof_shape": null, "roof_direction": null, "roof_orientation": null, "roof_color": null, "roof_height": null, "has_parts": false, "version": 3, "bbox.xmin": 50.664852142333984, "bbox.xmax": 50.664920806884766, "bbox.ymin": 53.284858703613281, "bbox.ymax": 53.284908294677734, "theme": "buildings", "type": "building", "xmin": 50.6643816, "ymin": 53.2825064, "xmax": 50.6711443, "ymax": 53.2855954, "source_item.property": "", "source_item.dataset": "Microsoft ML Buildings", "source_item.license": "ODbL-1.0", "source_item.record_id": null, "source_item.update_time": "2016-07-29T00:00:00.000Z", "source_item.confidence": null, "source_item.between": null, "source_type": "ml" }, "geometry": { "type": "Polygon", "coordinates": [ [ [ 50.6649139, 53.2849021 ], [ 50.6648527, 53.2848988 ], [ 50.6648587, 53.2848599 ], [ 50.6649199, 53.2848632 ], [ 50.6649139, 53.2849021 ] ] ] } },
{ "type": "Feature", "properties": { "id": "9346e08d-5ae4-4182-8cca-c192cbf0fa49", "names.primary": null, "sources": [ { "property": "", "dataset": "Microsoft ML Buildings", "license": "ODbL-1.0", "record_id": null, "update_time": "2016-07-29T00:00:00.000Z", "confidence": null, "between": null } ], "level": null, "height": null, "min_height": null, "is_underground": false, "num_floors": null, "num_floors_underground": null, "min_floor": null, "subtype": null, "class": null, "facade_color": null, "facade_material": null, "roof_material": null, "roof_shape": null, "roof_direction": null, "roof_orientation": null, "roof_color": null, "roof_height": null, "has_parts": false, "version": 3, "bbox.xmin": 50.664756774902344, "bbox.xmax": 50.664867401123047, "bbox.ymin": 53.284839630126953, "bbox.ymax": 53.284904479980469, "theme": "buildings", "type": "building", "xmin": 50.6643816, "ymin": 53.2825064, "xmax": 50.6711443, "ymax": 53.2855954, "source_item.property": "", "source_item.dataset": "Microsoft ML Buildings", "source_item.license": "ODbL-1.0", "source_item.record_id": null, "source_item.update_time": "2016-07-29T00:00:00.000Z", "source_item.confidence": null, "source_item.between": null, "source_type": "ml" }, "geometry": { "type": "Polygon", "coordinates": [ [ [ 50.6648415, 53.2849034 ], [ 50.6647635, 53.2848925 ], [ 50.664782, 53.2848454 ], [ 50.6648599, 53.2848563 ], [ 50.6648415, 53.2849034 ] ] ] } },
{ "type": "Feature", "properties": { "id": "74bc14ef-ba68-459a-a442-b0d567e634d6", "names.primary": null, "sources": [ { "property": "", "dataset": "Microsoft ML Buildings", "license": "ODbL-1.0", "record_id": null, "update_time": "2016-07-29T00:00:00.000Z", "confidence": null, "between": null } ], "level": null, "height": null, "min_height": null, "is_underground": false, "num_floors": null, "num_floors_underground": null, "min_floor": null, "subtype": null, "class": null, "facade_color": null, "facade_material": null, "roof_material": null, "roof_shape": null, "roof_direction": null, "roof_orientation": null, "roof_color": null, "roof_height": null, "has_parts": false, "version": 3, "bbox.xmin": 50.664718627929688, "bbox.xmax": 50.664772033691406, "bbox.ymin": 53.284477233886719, "bbox.ymax": 53.284523010253906, "theme": "buildings", "type": "building", "xmin": 50.6643816, "ymin": 53.2825064, "xmax": 50.6711443, "ymax": 53.2855954, "source_item.property": "", "source_item.dataset": "Microsoft ML Buildings", "source_item.license": "ODbL-1.0", "source_item.record_id": null, "source_item.update_time": "2016-07-29T00:00:00.000Z", "source_item.confidence": null, "source_item.between": null, "source_type": "ml" }, "geometry": { "type": "Polygon", "coordinates": [ [ [ 50.6647656, 53.2845223 ], [ 50.664721, 53.2845229 ], [ 50.6647195, 53.2844845 ], [ 50.664764, 53.2844838 ], [ 50.6647656, 53.2845223 ] ] ] } },
{ "type": "Feature", "properties": { "id": "e097e2ed-0dc8-479e-8705-4b8c3d872ead", "names.primary": null, "sources": [ { "property": "", "dataset": "Microsoft ML Buildings", "license": "ODbL-1.0", "record_id": null, "update_time": "2016-07-29T00:00:00.000Z", "confidence": null, "between": null } ], "level": null, "height": null, "min_height": null, "is_underground": false, "num_floors": null, "num_floors_underground": null, "min_floor": null, "subtype": null, "class": null, "facade_color": null, "facade_material": null, "roof_material": null, "roof_shape": null, "roof_direction": null, "roof_orientation": null, "roof_color": null, "roof_height": null, "has_parts": false, "version": 3, "bbox.xmin": 50.664623260498047, "bbox.xmax": 50.664768218994141, "bbox.ymin": 53.284297943115234, "bbox.ymax": 53.284378051757812, "theme": "buildings", "type": "building", "xmin": 50.6643816, "ymin": 53.2825064, "xmax": 50.6711443, "ymax": 53.2855954, "source_item.property": "", "source_item.dataset": "Microsoft ML Buildings", "source_item.license": "ODbL-1.0", "source_item.record_id": null, "source_item.update_time": "2016-07-29T00:00:00.000Z", "source_item.confidence": null, "source_item.between": null, "source_type": "ml" }, "geometry": { "type": "Polygon", "coordinates": [ [ [ 50.6647375, 53.2843779 ], [ 50.6646305, 53.2843551 ], [ 50.6646602, 53.2843053 ], [ 50.6647672, 53.2843281 ], [ 50.6647375, 53.2843779 ] ] ] } },
{ "type": "Feature", "properties": { "id": "303c5aee-6c9f-44bd-86f6-ae5c58b47610", "names.primary": null, "sources": [ { "property": "", "dataset": "Microsoft ML Buildings", "license": "ODbL-1.0", "record_id": null, "update_time": "2016-07-29T00:00:00.000Z", "confidence": null, "between": null } ], "level": null, "height": null, "min_height": null, "is_underground": false, "num_floors": null, "num_floors_underground": null, "min_floor": null, "subtype": null, "class": null, "facade_color": null, "facade_material": null, "roof_material": null, "roof_shape": null, "roof_direction": null, "roof_orientation": null, "roof_color": null, "roof_height": null, "has_parts": false, "version": 3, "bbox.xmin": 50.664726257324219, "bbox.xmax": 50.664813995361328, "bbox.ymin": 53.284400939941406, "bbox.ymax": 53.284461975097656, "theme": "buildings", "type": "building", "xmin": 50.6643816, "ymin": 53.2825064, "xmax": 50.6711443, "ymax": 53.2855954, "source_item.property": "", "source_item.dataset": "Microsoft ML Buildings", "source_item.license": "ODbL-1.0", "source_item.record_id": null, "source_item.update_time": "2016-07-29T00:00:00.000Z", "source_item.confidence": null, "source_item.between": null, "source_type": "ml" }, "geometry": { "type": "Polygon", "coordinates": [ [ [ 50.6647871, 53.2844562 ], [ 50.6647334, 53.284446 ], [ 50.6647535, 53.2844081 ], [ 50.6648072, 53.2844183 ], [ 50.6647871, 53.2844562 ] ] ] } },
{ "type": "Feature", "properties": { "id": "8ee21bb3-d2f6-4a3b-bfd9-444091e87dc3", "names.primary": null, "sources": [ { "property": "", "dataset": "Microsoft ML Buildings", "license": "ODbL-1.0", "record_id": null, "update_time": "2016-07-29T00:00:00.000Z", "confidence": null, "between": null } ], "level": null, "height": null, "min_height": null, "is_underground": false, "num_floors": null, "num_floors_underground": null, "min_floor": null, "subtype": null, "class": null, "facade_color": null, "facade_material": null, "roof_material": null, "roof_shape": null, "roof_direction": null, "roof_orientation": null, "roof_color": null, "roof_height": null, "has_parts": false, "version": 3, "bbox.xmin": 50.665279388427734, "bbox.xmax": 50.665355682373047, "bbox.ymin": 53.284420013427734, "bbox.ymax": 53.284465789794922, "theme": "buildings", "type": "building", "xmin": 50.6643816, "ymin": 53.2825064, "xmax": 50.6711443, "ymax": 53.2855954, "source_item.property": "", "source_item.dataset": "Microsoft ML Buildings", "source_item.license": "ODbL-1.0", "source_item.record_id": null, "source_item.update_time": "2016-07-29T00:00:00.000Z", "source_item.confidence": null, "source_item.between": null, "source_type": "ml" }, "geometry": { "type": "Polygon", "coordinates": [ [ [ 50.6653333, 53.2844648 ], [ 50.6652852, 53.2844537 ], [ 50.6653059, 53.2844216 ], [ 50.665354, 53.2844327 ], [ 50.6653333, 53.2844648 ] ] ] } },
{ "type": "Feature", "properties": { "id": "0cf8b971-3137-4a7c-b570-cbb3d71789b9", "names.primary": null, "sources": [ { "property": "", "dataset": "Microsoft ML Buildings", "license": "ODbL-1.0", "record_id": null, "update_time": "2016-07-29T00:00:00.000Z", "confidence": null, "between": null } ], "level": null, "height": null, "min_height": null, "is_underground": false, "num_floors": null, "num_floors_underground": null, "min_floor": null, "subtype": null, "class": null, "facade_color": null, "facade_material": null, "roof_material": null, "roof_shape": null, "roof_direction": null, "roof_orientation": null, "roof_color": null, "roof_height": null, "has_parts": false, "version": 3, "bbox.xmin": 50.664920806884766, "bbox.xmax": 50.6650390625, "bbox.ymin": 53.284618377685547, "bbox.ymax": 53.284717559814453, "theme": "buildings", "type": "building", "xmin": 50.6643816, "ymin": 53.2825064, "xmax": 50.6711443, "ymax": 53.2855954, "source_item.property": "", "source_item.dataset": "Microsoft ML Buildings", "source_item.license": "ODbL-1.0", "source_item.record_id": null, "source_item.update_time": "2016-07-29T00:00:00.000Z", "source_item.confidence": null, "source_item.between": null, "source_type": "ml" }, "geometry": { "type": "Polygon", "coordinates": [ [ [ 50.664944, 53.2846245 ], [ 50.6650375, 53.2846438 ], [ 50.6649957, 53.2847161 ], [ 50.664943, 53.2847052 ], [ 50.6649616, 53.2846731 ], [ 50.6649209, 53.2846646 ], [ 50.664944, 53.2846245 ] ] ] } },
{ "type": "Feature", "properties": { "id": "1e0a0a9e-a7b4-4c27-bdc5-bd33ded760c1", "names.primary": null, "sources": [ { "property": "", "dataset": "Microsoft ML Buildings", "license": "ODbL-1.0", "record_id": null, "update_time": "2016-07-29T00:00:00.000Z", "confidence": null, "between": null } ], "level": null, "height": null, "min_height": null, "is_underground": false, "num_floors": null, "num_floors_underground": null, "min_floor": null, "subtype": null, "class": null, "facade_color": null, "facade_material": null, "roof_material": null, "roof_shape": null, "roof_direction": null, "roof_orientation": null, "roof_color": null, "roof_height": null, "has_parts": false, "version": 3, "bbox.xmin": 50.665248870849609, "bbox.xmax": 50.665435791015625, "bbox.ymin": 53.284690856933594, "bbox.ymax": 53.284854888916016, "theme": "buildings", "type": "building", "xmin": 50.6643816, "ymin": 53.2825064, "xmax": 50.6711443, "ymax": 53.2855954, "source_item.property": "", "source_item.dataset": "Microsoft ML Buildings", "source_item.license": "ODbL-1.0", "source_item.record_id": null, "source_item.update_time": "2016-07-29T00:00:00.000Z", "source_item.confidence": null, "source_item.between": null, "source_type": "ml" }, "geometry": { "type": "Polygon", "coordinates": [ [ [ 50.665355, 53.2848541 ], [ 50.6652565, 53.2848395 ], [ 50.6652922, 53.2847534 ], [ 50.6653175, 53.2847572 ], [ 50.6653419, 53.2846983 ], [ 50.6654354, 53.2847121 ], [ 50.6654034, 53.2847892 ], [ 50.665417, 53.2847912 ], [ 50.6654001, 53.284832 ], [ 50.6653663, 53.284827 ], [ 50.665355, 53.2848541 ] ] ] } },
{ "type": "Feature", "properties": { "id": "55454d28-c59c-4ade-892d-e738e7fa91e6", "names.primary": null, "sources": [ { "property": "", "dataset": "Microsoft ML Buildings", "license": "ODbL-1.0", "record_id": null, "update_time": "2016-07-29T00:00:00.000Z", "confidence": null, "between": null } ], "level": null, "height": null, "min_height": null, "is_underground": false, "num_floors": null, "num_floors_underground": null, "min_floor": null, "subtype": null, "class": null, "facade_color": null, "facade_material": null, "roof_material": null, "roof_shape": null, "roof_direction": null, "roof_orientation": null, "roof_color": null, "roof_height": null, "has_parts": false, "version": 3, "bbox.xmin": 50.665523529052734, "bbox.xmax": 50.665599822998047, "bbox.ymin": 53.28472900390625, "bbox.ymax": 53.284801483154297, "theme": "buildings", "type": "building", "xmin": 50.6643816, "ymin": 53.2825064, "xmax": 50.6711443, "ymax": 53.2855954, "source_item.property": "", "source_item.dataset": "Microsoft ML Buildings", "source_item.license": "ODbL-1.0", "source_item.record_id": null, "source_item.update_time": "2016-07-29T00:00:00.000Z", "source_item.confidence": null, "source_item.between": null, "source_type": "ml" }, "geometry": { "type": "Polygon", "coordinates": [ [ [ 50.6655791, 53.284801 ], [ 50.6655248, 53.2847948 ], [ 50.6655438, 53.284736 ], [ 50.6655981, 53.2847423 ], [ 50.6655791, 53.284801 ] ] ] } },
{ "type": "Feature", "properties": { "id": "53403ec2-e5a4-48bc-9121-f4183bc91119", "names.primary": null, "sources": [ { "property": "", "dataset": "Microsoft ML Buildings", "license": "ODbL-1.0", "record_id": null, "update_time": "2016-07-29T00:00:00.000Z", "confidence": null, "between": null } ], "level": null, "height": null, "min_height": null, "is_underground": false, "num_floors": null, "num_floors_underground": null, "min_floor": null, "subtype": null, "class": null, "facade_color": null, "facade_material": null, "roof_material": null, "roof_shape": null, "roof_direction": null, "roof_orientation": null, "roof_color": null, "roof_height": null, "has_parts": false, "version": 3, "bbox.xmin": 50.665355682373047, "bbox.xmax": 50.665424346923828, "bbox.ymin": 53.285026550292969, "bbox.ymax": 53.285102844238281, "theme": "buildings", "type": "building", "xmin": 50.6643816, "ymin": 53.2825064, "xmax": 50.6711443, "ymax": 53.2855954, "source_item.property": "", "source_item.dataset": "Microsoft ML Buildings", "source_item.license": "ODbL-1.0", "source_item.record_id": null, "source_item.update_time": "2016-07-29T00:00:00.000Z", "source_item.confidence": null, "source_item.between": null, "source_type": "ml" }, "geometry": { "type": "Polygon", "coordinates": [ [ [ 50.6654043, 53.2850971 ], [ 50.665356, 53.2850932 ], [ 50.6653699, 53.2850326 ], [ 50.6654182, 53.2850366 ], [ 50.6654043, 53.2850971 ] ] ] } },
{ "type": "Feature", "properties": { "id": "99849e8d-8595-4aa7-ba3f-0bea6827baab", "names.primary": null, "sources": [ { "property": "", "dataset": "Microsoft ML Buildings", "license": "ODbL-1.0", "record_id": null, "update_time": "2016-07-29T00:00:00.000Z", "confidence": null, "between": null } ], "level": null, "height": null, "min_height": null, "is_underground": false, "num_floors": null, "num_floors_underground": null, "min_floor": null, "subtype": null, "class": null, "facade_color": null, "facade_material": null, "roof_material": null, "roof_shape": null, "roof_direction": null, "roof_orientation": null, "roof_color": null, "roof_height": null, "has_parts": false, "version": 3, "bbox.xmin": 50.665550231933594, "bbox.xmax": 50.665699005126953, "bbox.ymin": 53.284915924072266, "bbox.ymax": 53.284988403320312, "theme": "buildings", "type": "building", "xmin": 50.6643816, "ymin": 53.2825064, "xmax": 50.6711443, "ymax": 53.2855954, "source_item.property": "", "source_item.dataset": "Microsoft ML Buildings", "source_item.license": "ODbL-1.0", "source_item.record_id": null, "source_item.update_time": "2016-07-29T00:00:00.000Z", "source_item.confidence": null, "source_item.between": null, "source_type": "ml" }, "geometry": { "type": "Polygon", "coordinates": [ [ [ 50.6656023, 53.2849218 ], [ 50.6656988, 53.2849231 ], [ 50.6656967, 53.2849824 ], [ 50.6656065, 53.2849812 ], [ 50.6656077, 53.2849476 ], [ 50.6655514, 53.2849468 ], [ 50.6655523, 53.2849228 ], [ 50.6656023, 53.2849234 ], [ 50.6656023, 53.2849218 ] ] ] } },
{ "type": "Feature", "properties": { "id": "fff4c320-65c0-4a59-bbac-13b6d545da3b", "names.primary": null, "sources": [ { "property": "", "dataset": "Microsoft ML Buildings", "license": "ODbL-1.0", "record_id": null, "update_time": "2016-07-29T00:00:00.000Z", "confidence": null, "between": null } ], "level": null, "height": null, "min_height": null, "is_underground": false, "num_floors": null, "num_floors_underground": null, "min_floor": null, "subtype": null, "class": null, "facade_color": null, "facade_material": null, "roof_material": null, "roof_shape": null, "roof_direction": null, "roof_orientation": null, "roof_color": null, "roof_height": null, "has_parts": false, "version": 3, "bbox.xmin": 50.665676116943359, "bbox.xmax": 50.665756225585938, "bbox.ymin": 53.284801483154297, "bbox.ymax": 53.284847259521484, "theme": "buildings", "type": "building", "xmin": 50.6643816, "ymin": 53.2825064, "xmax": 50.6711443, "ymax": 53.2855954, "source_item.property": "", "source_item.dataset": "Microsoft ML Buildings", "source_item.license": "ODbL-1.0", "source_item.record_id": null, "source_item.update_time": "2016-07-29T00:00:00.000Z", "source_item.confidence": null, "source_item.between": null, "source_type": "ml" }, "geometry": { "type": "Polygon", "coordinates": [ [ [ 50.6657355, 53.2848399 ], [ 50.6656775, 53.2848284 ], [ 50.6656914, 53.2848032 ], [ 50.6657494, 53.2848147 ], [ 50.6657355, 53.2848399 ] ] ] } },
{ "type": "Feature", "properties": { "id": "59c780a8-fef7-4d44-9f9d-ff5a35e1524d", "names.primary": null, "sources": [ { "property": "", "dataset": "Microsoft ML Buildings", "license": "ODbL-1.0", "record_id": null, "update_time": "2016-07-29T00:00:00.000Z", "confidence": null, "between": null } ], "level": null, "height": null, "min_height": null, "is_underground": false, "num_floors": null, "num_floors_underground": null, "min_floor": null, "subtype": null, "class": null, "facade_color": null, "facade_material": null, "roof_material": null, "roof_shape": null, "roof_direction": null, "roof_orientation": null, "roof_color": null, "roof_height": null, "has_parts": false, "version": 3, "bbox.xmin": 50.665634155273438, "bbox.xmax": 50.665840148925781, "bbox.ymin": 53.284690856933594, "bbox.ymax": 53.284812927246094, "theme": "buildings", "type": "building", "xmin": 50.6643816, "ymin": 53.2825064, "xmax": 50.6711443, "ymax": 53.2855954, "source_item.property": "", "source_item.dataset": "Microsoft ML Buildings", "source_item.license": "ODbL-1.0", "source_item.record_id": null, "source_item.update_time": "2016-07-29T00:00:00.000Z", "source_item.confidence": null, "source_item.between": null, "source_type": "ml" }, "geometry": { "type": "Polygon", "coordinates": [ [ [ 50.6658218, 53.2848125 ], [ 50.6656978, 53.2847981 ], [ 50.6657154, 53.284744 ], [ 50.6656404, 53.2847353 ], [ 50.665653, 53.2846967 ], [ 50.6657926, 53.2847129 ], [ 50.665779, 53.2847546 ], [ 50.6658384, 53.2847616 ], [ 50.6658218, 53.2848125 ] ] ] } },
{ "type": "Feature", "properties": { "id": "33554380-1937-4018-8642-73242b1d14f3", "names.primary": null, "sources": [ { "property": "", "dataset": "Microsoft ML Buildings", "license": "ODbL-1.0", "record_id": null, "update_time": "2016-07-29T00:00:00.000Z", "confidence": null, "between": null } ], "level": null, "height": null, "min_height": null, "is_underground": false, "num_floors": null, "num_floors_underground": null, "min_floor": null, "subtype": null, "class": null, "facade_color": null, "facade_material": null, "roof_material": null, "roof_shape": null, "roof_direction": null, "roof_orientation": null, "roof_color": null, "roof_height": null, "has_parts": false, "version": 3, "bbox.xmin": 50.665493011474609, "bbox.xmax": 50.665653228759766, "bbox.ymin": 53.284343719482422, "bbox.ymax": 53.284442901611328, "theme": "buildings", "type": "building", "xmin": 50.6643816, "ymin": 53.2825064, "xmax": 50.6711443, "ymax": 53.2855954, "source_item.property": "", "source_item.dataset": "Microsoft ML Buildings", "source_item.license": "ODbL-1.0", "source_item.record_id": null, "source_item.update_time": "2016-07-29T00:00:00.000Z", "source_item.confidence": null, "source_item.between": null, "source_type": "ml" }, "geometry": { "type": "Polygon", "coordinates": [ [ [ 50.6655374, 53.2843835 ], [ 50.6655267, 53.2843729 ], [ 50.6655915, 53.2843495 ], [ 50.6656461, 53.2844034 ], [ 50.6655375, 53.2844428 ], [ 50.6654935, 53.2843994 ], [ 50.6655374, 53.2843835 ] ] ] } },
{ "type": "Feature", "properties": { "id": "41ad00bd-b144-4269-a525-38c6150a92c9", "names.primary": null, "sources": [ { "property": "", "dataset": "Microsoft ML Buildings", "license": "ODbL-1.0", "record_id": null, "update_time": "2016-07-29T00:00:00.000Z", "confidence": null, "between": null } ], "level": null, "height": null, "min_height": null, "is_underground": false, "num_floors": null, "num_floors_underground": null, "min_floor": null, "subtype": null, "class": null, "facade_color": null, "facade_material": null, "roof_material": null, "roof_shape": null, "roof_direction": null, "roof_orientation": null, "roof_color": null, "roof_height": null, "has_parts": false, "version": 3, "bbox.xmin": 50.665634155273438, "bbox.xmax": 50.665786743164062, "bbox.ymin": 53.284130096435547, "bbox.ymax": 53.284217834472656, "theme": "buildings", "type": "building", "xmin": 50.6643816, "ymin": 53.2825064, "xmax": 50.6711443, "ymax": 53.2855954, "source_item.property": "", "source_item.dataset": "Microsoft ML Buildings", "source_item.license": "ODbL-1.0", "source_item.record_id": null, "source_item.update_time": "2016-07-29T00:00:00.000Z", "source_item.confidence": null, "source_item.between": null, "source_type": "ml" }, "geometry": { "type": "Polygon", "coordinates": [ [ [ 50.6657351, 53.2842174 ], [ 50.6656357, 53.2841743 ], [ 50.6656804, 53.2841375 ], [ 50.6657798, 53.2841807 ], [ 50.6657351, 53.2842174 ] ] ] } },
{ "type": "Feature", "properties": { "id": "6155ffa9-3956-43cc-98cd-01493dec2532", "names.primary": null, "sources": [ { "property": "", "dataset": "Microsoft ML Buildings", "license": "ODbL-1.0", "record_id": null, "update_time": "2016-07-29T00:00:00.000Z", "confidence": null, "between": null } ], "level": null, "height": null, "min_height": null, "is_underground": false, "num_floors": null, "num_floors_underground": null, "min_floor": null, "subtype": null, "class": null, "facade_color": null, "facade_material": null, "roof_material": null, "roof_shape": null, "roof_direction": null, "roof_orientation": null, "roof_color": null, "roof_height": null, "has_parts": false, "version": 3, "bbox.xmin": 50.665393829345703, "bbox.xmax": 50.665542602539062, "bbox.ymin": 53.284046173095703, "bbox.ymax": 53.284130096435547, "theme": "buildings", "type": "building", "xmin": 50.6643816, "ymin": 53.2825064, "xmax": 50.6711443, "ymax": 53.2855954, "source_item.property": "", "source_item.dataset": "Microsoft ML Buildings", "source_item.license": "ODbL-1.0", "source_item.record_id": null, "source_item.update_time": "2016-07-29T00:00:00.000Z", "source_item.confidence": null, "source_item.between": null, "source_type": "ml" }, "geometry": { "type": "Polygon", "coordinates": [ [ [ 50.6655026, 53.2841295 ], [ 50.6654002, 53.2840994 ], [ 50.6654384, 53.2840529 ], [ 50.6655408, 53.284083 ], [ 50.6655026, 53.2841295 ] ] ] } },
{ "type": "Feature", "properties": { "id": "9a320945-b254-4349-a29e-44a78481347e", "names.primary": null, "sources": [ { "property": "", "dataset": "Microsoft ML Buildings", "license": "ODbL-1.0", "record_id": null, "update_time": "2016-07-29T00:00:00.000Z", "confidence": null, "between": null } ], "level": null, "height": null, "min_height": null, "is_underground": false, "num_floors": null, "num_floors_underground": null, "min_floor": null, "subtype": null, "class": null, "facade_color": null, "facade_material": null, "roof_material": null, "roof_shape": null, "roof_direction": null, "roof_orientation": null, "roof_color": null, "roof_height": null, "has_parts": false, "version": 3, "bbox.xmin": 50.665382385253906, "bbox.xmax": 50.665473937988281, "bbox.ymin": 53.284271240234375, "bbox.ymax": 53.284336090087891, "theme": "buildings", "type": "building", "xmin": 50.6643816, "ymin": 53.2825064, "xmax": 50.6711443, "ymax": 53.2855954, "source_item.property": "", "source_item.dataset": "Microsoft ML Buildings", "source_item.license": "ODbL-1.0", "source_item.record_id": null, "source_item.update_time": "2016-07-29T00:00:00.000Z", "source_item.confidence": null, "source_item.between": null, "source_type": "ml" }, "geometry": { "type": "Polygon", "coordinates": [ [ [ 50.6654378, 53.284329 ], [ 50.6653887, 53.2843147 ], [ 50.6654234, 53.2842719 ], [ 50.6654726, 53.2842861 ], [ 50.6654378, 53.284329 ] ] ] } },
{ "type": "Feature", "properties": { "id": "0cb3362b-0a6d-411d-b6e2-bbdf819065b1", "names.primary": null, "sources": [ { "property": "", "dataset": "Microsoft ML Buildings", "license": "ODbL-1.0", "record_id": null, "update_time": "2016-07-29T00:00:00.000Z", "confidence": null, "between": null } ], "level": null, "height": null, "min_height": null, "is_underground": false, "num_floors": null, "num_floors_underground": null, "min_floor": null, "subtype": null, "class": null, "facade_color": null, "facade_material": null, "roof_material": null, "roof_shape": null, "roof_direction": null, "roof_orientation": null, "roof_color": null, "roof_height": null, "has_parts": false, "version": 3, "bbox.xmin": 50.665225982666016, "bbox.xmax": 50.665340423583984, "bbox.ymin": 53.284225463867188, "bbox.ymax": 53.284294128417969, "theme": "buildings", "type": "building", "xmin": 50.6643816, "ymin": 53.2825064, "xmax": 50.6711443, "ymax": 53.2855954, "source_item.property": "", "source_item.dataset": "Microsoft ML Buildings", "source_item.license": "ODbL-1.0", "source_item.record_id": null, "source_item.update_time": "2016-07-29T00:00:00.000Z", "source_item.confidence": null, "source_item.between": null, "source_type": "ml" }, "geometry": { "type": "Polygon", "coordinates": [ [ [ 50.6652331, 53.2842864 ], [ 50.6652462, 53.2842323 ], [ 50.6653345, 53.28424 ], [ 50.6653214, 53.2842941 ], [ 50.6652331, 53.2842864 ] ] ] } },
{ "type": "Feature", "properties": { "id": "08de514d-0e7b-4c66-af9a-51105cfa1189", "names.primary": null, "sources": [ { "property": "", "dataset": "Microsoft ML Buildings", "license": "ODbL-1.0", "record_id": null, "update_time": "2016-07-29T00:00:00.000Z", "confidence": null, "between": null } ], "level": null, "height": null, "min_height": null, "is_underground": false, "num_floors": null, "num_floors_underground": null, "min_floor": null, "subtype": null, "class": null, "facade_color": null, "facade_material": null, "roof_material": null, "roof_shape": null, "roof_direction": null, "roof_orientation": null, "roof_color": null, "roof_height": null, "has_parts": false, "version": 3, "bbox.xmin": 50.664955139160156, "bbox.xmax": 50.665054321289062, "bbox.ymin": 53.284297943115234, "bbox.ymax": 53.284355163574219, "theme": "buildings", "type": "building", "xmin": 50.6643816, "ymin": 53.2825064, "xmax": 50.6711443, "ymax": 53.2855954, "source_item.property": "", "source_item.dataset": "Microsoft ML Buildings", "source_item.license": "ODbL-1.0", "source_item.record_id": null, "source_item.update_time": "2016-07-29T00:00:00.000Z", "source_item.confidence": null, "source_item.between": null, "source_type": "ml" }, "geometry": { "type": "Polygon", "coordinates": [ [ [ 50.664956, 53.284344 ], [ 50.6649702, 53.2843041 ], [ 50.6650539, 53.2843147 ], [ 50.6650398, 53.2843546 ], [ 50.664956, 53.284344 ] ] ] } },
{ "type": "Feature", "properties": { "id": "0170314a-ae47-4827-a860-242dcca01786", "names.primary": null, "sources": [ { "property": "", "dataset": "Microsoft ML Buildings", "license": "ODbL-1.0", "record_id": null, "update_time": "2016-07-29T00:00:00.000Z", "confidence": null, "between": null } ], "level": null, "height": null, "min_height": null, "is_underground": false, "num_floors": null, "num_floors_underground": null, "min_floor": null, "subtype": null, "class": null, "facade_color": null, "facade_material": null, "roof_material": null, "roof_shape": null, "roof_direction": null, "roof_orientation": null, "roof_color": null, "roof_height": null, "has_parts": false, "version": 3, "bbox.xmin": 50.665019989013672, "bbox.xmax": 50.665084838867188, "bbox.ymin": 53.284114837646484, "bbox.ymax": 53.284175872802734, "theme": "buildings", "type": "building", "xmin": 50.6643816, "ymin": 53.2825064, "xmax": 50.6711443, "ymax": 53.2855954, "source_item.property": "", "source_item.dataset": "Microsoft ML Buildings", "source_item.license": "ODbL-1.0", "source_item.record_id": null, "source_item.update_time": "2016-07-29T00:00:00.000Z", "source_item.confidence": null, "source_item.between": null, "source_type": "ml" }, "geometry": { "type": "Polygon", "coordinates": [ [ [ 50.6650727, 53.2841695 ], [ 50.6650204, 53.2841644 ], [ 50.6650324, 53.2841207 ], [ 50.6650847, 53.2841258 ], [ 50.6650727, 53.2841695 ] ] ] } },
{ "type": "Feature", "properties": { "id": "866119d0-7b9d-435a-8385-95dff9a8af31", "names.primary": null, "sources": [ { "property": "", "dataset": "Microsoft ML Buildings", "license": "ODbL-1.0", "record_id": null, "update_time": "2016-07-29T00:00:00.000Z", "confidence": null, "between": null } ], "level": null, "height": null, "min_height": null, "is_underground": false, "num_floors": null, "num_floors_underground": null, "min_floor": null, "subtype": null, "class": null, "facade_color": null, "facade_material": null, "roof_material": null, "roof_shape": null, "roof_direction": null, "roof_orientation": null, "roof_color": null, "roof_height": null, "has_parts": false, "version": 3, "bbox.xmin": 50.665252685546875, "bbox.xmax": 50.665367126464844, "bbox.ymin": 53.283771514892578, "bbox.ymax": 53.283843994140625, "theme": "buildings", "type": "building", "xmin": 50.6643816, "ymin": 53.2825064, "xmax": 50.6711443, "ymax": 53.2855954, "source_item.property": "", "source_item.dataset": "Microsoft ML Buildings", "source_item.license": "ODbL-1.0", "source_item.record_id": null, "source_item.update_time": "2016-07-29T00:00:00.000Z", "source_item.confidence": null, "source_item.between": null, "source_type": "ml" }, "geometry": { "type": "Polygon", "coordinates": [ [ [ 50.6652943, 53.283773 ], [ 50.6653654, 53.2838094 ], [ 50.6653249, 53.2838377 ], [ 50.6652538, 53.2838012 ], [ 50.6652943, 53.283773 ] ] ] } },
{ "type": "Feature", "properties": { "id": "5113c1c0-4436-4c23-9b71-63c89f117f9f", "names.primary": null, "sources": [ { "property": "", "dataset": "Microsoft ML Buildings", "license": "ODbL-1.0", "record_id": null, "update_time": "2016-07-29T00:00:00.000Z", "confidence": null, "between": null } ], "level": null, "height": null, "min_height": null, "is_underground": false, "num_floors": null, "num_floors_underground": null, "min_floor": null, "subtype": null, "class": null, "facade_color": null, "facade_material": null, "roof_material": null, "roof_shape": null, "roof_direction": null, "roof_orientation": null, "roof_color": null, "roof_height": null, "has_parts": false, "version": 3, "bbox.xmin": 50.665103912353516, "bbox.xmax": 50.665271759033203, "bbox.ymin": 53.283905029296875, "bbox.ymax": 53.284000396728516, "theme": "buildings", "type": "building", "xmin": 50.6643816, "ymin": 53.2825064, "xmax": 50.6711443, "ymax": 53.2855954, "source_item.property": "", "source_item.dataset": "Microsoft ML Buildings", "source_item.license": "ODbL-1.0", "source_item.record_id": null, "source_item.update_time": "2016-07-29T00:00:00.000Z", "source_item.confidence": null, "source_item.between": null, "source_type": "ml" }, "geometry": { "type": "Polygon", "coordinates": [ [ [ 50.6651046, 53.2839536 ], [ 50.665146, 53.2839123 ], [ 50.6652151, 53.283937 ], [ 50.6652269, 53.2839252 ], [ 50.6652703, 53.2839408 ], [ 50.6652171, 53.2839939 ], [ 50.6651046, 53.2839536 ] ] ] } },
{ "type": "Feature", "properties": { "id": "f5fb1c6e-2774-4c8b-825a-51a23c3301f5", "names.primary": null, "sources": [ { "property": "", "dataset": "Microsoft ML Buildings", "license": "ODbL-1.0", "record_id": null, "update_time": "2016-07-29T00:00:00.000Z", "confidence": null, "between": null } ], "level": null, "height": null, "min_height": null, "is_underground": false, "num_floors": null, "num_floors_underground": null, "min_floor": null, "subtype": null, "class": null, "facade_color": null, "facade_material": null, "roof_material": null, "roof_shape": null, "roof_direction": null, "roof_orientation": null, "roof_color": null, "roof_height": null, "has_parts": false, "version": 3, "bbox.xmin": 50.665126800537109, "bbox.xmax": 50.665199279785156, "bbox.ymin": 53.283683776855469, "bbox.ymax": 53.283729553222656, "theme": "buildings", "type": "building", "xmin": 50.6643816, "ymin": 53.2825064, "xmax": 50.6711443, "ymax": 53.2855954, "source_item.property": "", "source_item.dataset": "Microsoft ML Buildings", "source_item.license": "ODbL-1.0", "source_item.record_id": null, "source_item.update_time": "2016-07-29T00:00:00.000Z", "source_item.confidence": null, "source_item.between": null, "source_type": "ml" }, "geometry": { "type": "Polygon", "coordinates": [ [ [ 50.6651814, 53.283729 ], [ 50.6651273, 53.2837157 ], [ 50.6651447, 53.2836904 ], [ 50.6651988, 53.2837037 ], [ 50.6651814, 53.283729 ] ] ] } },
{ "type": "Feature", "properties": { "id": "e11a98a1-21a1-44fa-9e67-c4ed7ec5b53a", "names.primary": null, "sources": [ { "property": "", "dataset": "OpenStreetMap", "license": "ODbL-1.0", "record_id": "w1476555737@2", "update_time": "2026-02-17T15:38:07.000Z", "confidence": null, "between": null } ], "level": null, "height": null, "min_height": null, "is_underground": false, "num_floors": 1, "num_floors_underground": null, "min_floor": null, "subtype": "residential", "class": "house", "facade_color": null, "facade_material": null, "roof_material": null, "roof_shape": null, "roof_direction": null, "roof_orientation": null, "roof_color": null, "roof_height": null, "has_parts": false, "version": 1, "bbox.xmin": 50.665313720703125, "bbox.xmax": 50.665493011474609, "bbox.ymin": 53.283699035644531, "bbox.ymax": 53.2838134765625, "theme": "buildings", "type": "building", "xmin": 50.6643816, "ymin": 53.2825064, "xmax": 50.6711443, "ymax": 53.2855954, "source_item.property": "", "source_item.dataset": "OpenStreetMap", "source_item.license": "ODbL-1.0", "source_item.record_id": "w1476555737@2", "source_item.update_time": "2026-02-17T15:38:07.000Z", "source_item.confidence": null, "source_item.between": null, "source_type": "my" }, "geometry": { "type": "Polygon", "coordinates": [ [ [ 50.665423, 53.283813 ], [ 50.6653138, 53.2837707 ], [ 50.6653837, 53.2837062 ], [ 50.6654929, 53.2837485 ], [ 50.665423, 53.283813 ] ] ] } },
{ "type": "Feature", "properties": { "id": "4f039f10-729c-439d-92ec-6536c2417501", "names.primary": null, "sources": [ { "property": "", "dataset": "OpenStreetMap", "license": "ODbL-1.0", "record_id": "w1476555736@2", "update_time": "2026-02-17T15:38:07.000Z", "confidence": null, "between": null } ], "level": null, "height": null, "min_height": null, "is_underground": false, "num_floors": 1, "num_floors_underground": null, "min_floor": null, "subtype": "residential", "class": "house", "facade_color": null, "facade_material": null, "roof_material": null, "roof_shape": null, "roof_direction": null, "roof_orientation": null, "roof_color": null, "roof_height": null, "has_parts": false, "version": 1, "bbox.xmin": 50.665630340576172, "bbox.xmax": 50.665733337402344, "bbox.ymin": 53.283699035644531, "bbox.ymax": 53.283767700195312, "theme": "buildings", "type": "building", "xmin": 50.6643816, "ymin": 53.2825064, "xmax": 50.6711443, "ymax": 53.2855954, "source_item.property": "", "source_item.dataset": "OpenStreetMap", "source_item.license": "ODbL-1.0", "source_item.record_id": "w1476555736@2", "source_item.update_time": "2026-02-17T15:38:07.000Z", "source_item.confidence": null, "source_item.between": null, "source_type": "my" }, "geometry": { "type": "Polygon", "coordinates": [ [ [ 50.6656945, 53.2837617 ], [ 50.6656372, 53.2837386 ], [ 50.665675, 53.2837051 ], [ 50.6657323, 53.2837282 ], [ 50.6656945, 53.2837617 ] ] ] } },
{ "type": "Feature", "properties": { "id": "ab64ffa8-a1fa-480c-b4f6-71d96091bdb0", "names.primary": null, "sources": [ { "property": "", "dataset": "Microsoft ML Buildings", "license": "ODbL-1.0", "record_id": null, "update_time": "2016-07-29T00:00:00.000Z", "confidence": null, "between": null } ], "level": null, "height": null, "min_height": null, "is_underground": false, "num_floors": null, "num_floors_underground": null, "min_floor": null, "subtype": null, "class": null, "facade_color": null, "facade_material": null, "roof_material": null, "roof_shape": null, "roof_direction": null, "roof_orientation": null, "roof_color": null, "roof_height": null, "has_parts": false, "version": 3, "bbox.xmin": 50.665557861328125, "bbox.xmax": 50.665664672851562, "bbox.ymin": 53.283649444580078, "bbox.ymax": 53.283714294433594, "theme": "buildings", "type": "building", "xmin": 50.6643816, "ymin": 53.2825064, "xmax": 50.6711443, "ymax": 53.2855954, "source_item.property": "", "source_item.dataset": "Microsoft ML Buildings", "source_item.license": "ODbL-1.0", "source_item.record_id": null, "source_item.update_time": "2016-07-29T00:00:00.000Z", "source_item.confidence": null, "source_item.between": null, "source_type": "ml" }, "geometry": { "type": "Polygon", "coordinates": [ [ [ 50.665575, 53.2836563 ], [ 50.6656639, 53.2836649 ], [ 50.6656525, 53.2837071 ], [ 50.6655636, 53.2836985 ], [ 50.665575, 53.2836563 ] ] ] } },
{ "type": "Feature", "properties": { "id": "fc7466a6-f48e-43c5-9290-a9309599f8e6", "names.primary": null, "sources": [ { "property": "", "dataset": "Microsoft ML Buildings", "license": "ODbL-1.0", "record_id": null, "update_time": "2016-07-29T00:00:00.000Z", "confidence": null, "between": null } ], "level": null, "height": null, "min_height": null, "is_underground": false, "num_floors": null, "num_floors_underground": null, "min_floor": null, "subtype": null, "class": null, "facade_color": null, "facade_material": null, "roof_material": null, "roof_shape": null, "roof_direction": null, "roof_orientation": null, "roof_color": null, "roof_height": null, "has_parts": false, "version": 3, "bbox.xmin": 50.665760040283203, "bbox.xmax": 50.665817260742188, "bbox.ymin": 53.283729553222656, "bbox.ymax": 53.283779144287109, "theme": "buildings", "type": "building", "xmin": 50.6643816, "ymin": 53.2825064, "xmax": 50.6711443, "ymax": 53.2855954, "source_item.property": "", "source_item.dataset": "Microsoft ML Buildings", "source_item.license": "ODbL-1.0", "source_item.record_id": null, "source_item.update_time": "2016-07-29T00:00:00.000Z", "source_item.confidence": null, "source_item.between": null, "source_type": "ml" }, "geometry": { "type": "Polygon", "coordinates": [ [ [ 50.6658005, 53.2837734 ], [ 50.6657617, 53.2837674 ], [ 50.6657771, 53.2837313 ], [ 50.6658159, 53.2837372 ], [ 50.6658005, 53.2837734 ] ] ] } },
{ "type": "Feature", "properties": { "id": "07070e2f-4af6-44de-9da0-0cce84660ca4", "names.primary": null, "sources": [ { "property": "", "dataset": "Microsoft ML Buildings", "license": "ODbL-1.0", "record_id": null, "update_time": "2016-07-29T00:00:00.000Z", "confidence": null, "between": null } ], "level": null, "height": null, "min_height": null, "is_underground": false, "num_floors": null, "num_floors_underground": null, "min_floor": null, "subtype": null, "class": null, "facade_color": null, "facade_material": null, "roof_material": null, "roof_shape": null, "roof_direction": null, "roof_orientation": null, "roof_color": null, "roof_height": null, "has_parts": false, "version": 3, "bbox.xmin": 50.666042327880859, "bbox.xmax": 50.666202545166016, "bbox.ymin": 53.283866882324219, "bbox.ymax": 53.283981323242188, "theme": "buildings", "type": "building", "xmin": 50.6643816, "ymin": 53.2825064, "xmax": 50.6711443, "ymax": 53.2855954, "source_item.property": "", "source_item.dataset": "Microsoft ML Buildings", "source_item.license": "ODbL-1.0", "source_item.record_id": null, "source_item.update_time": "2016-07-29T00:00:00.000Z", "source_item.confidence": null, "source_item.between": null, "source_type": "ml" }, "geometry": { "type": "Polygon", "coordinates": [ [ [ 50.6662017, 53.2838979 ], [ 50.666144, 53.2839795 ], [ 50.6660484, 53.2839554 ], [ 50.666106, 53.2838738 ], [ 50.6662017, 53.2838979 ] ] ] } },
{ "type": "Feature", "properties": { "id": "66fbc873-17cd-4594-a9e6-17f81a65d2de", "names.primary": null, "sources": [ { "property": "", "dataset": "OpenStreetMap", "license": "ODbL-1.0", "record_id": "w1476555735@2", "update_time": "2026-02-17T15:38:07.000Z", "confidence": null, "between": null } ], "level": null, "height": null, "min_height": null, "is_underground": false, "num_floors": 1, "num_floors_underground": null, "min_floor": null, "subtype": "residential", "class": "house", "facade_color": null, "facade_material": null, "roof_material": null, "roof_shape": null, "roof_direction": null, "roof_orientation": null, "roof_color": null, "roof_height": null, "has_parts": false, "version": 1, "bbox.xmin": 50.665946960449219, "bbox.xmax": 50.666084289550781, "bbox.ymin": 53.283733367919922, "bbox.ymax": 53.283817291259766, "theme": "buildings", "type": "building", "xmin": 50.6643816, "ymin": 53.2825064, "xmax": 50.6711443, "ymax": 53.2855954, "source_item.property": "", "source_item.dataset": "OpenStreetMap", "source_item.license": "ODbL-1.0", "source_item.record_id": "w1476555735@2", "source_item.update_time": "2026-02-17T15:38:07.000Z", "source_item.confidence": null, "source_item.between": null, "source_type": "my" }, "geometry": { "type": "Polygon", "coordinates": [ [ [ 50.6660502, 53.2838103 ], [ 50.6659479, 53.2837736 ], [ 50.665981, 53.2837406 ], [ 50.6660833, 53.2837772 ], [ 50.6660502, 53.2838103 ] ] ] } },
{ "type": "Feature", "properties": { "id": "1d61c54d-1063-4050-a264-88419229e2ef", "names.primary": null, "sources": [ { "property": "", "dataset": "OpenStreetMap", "license": "ODbL-1.0", "record_id": "w1476555734@2", "update_time": "2026-02-17T15:38:07.000Z", "confidence": null, "between": null } ], "level": null, "height": null, "min_height": null, "is_underground": false, "num_floors": 1, "num_floors_underground": null, "min_floor": null, "subtype": "residential", "class": "house", "facade_color": null, "facade_material": null, "roof_material": null, "roof_shape": null, "roof_direction": null, "roof_orientation": null, "roof_color": null, "roof_height": null, "has_parts": false, "version": 1, "bbox.xmin": 50.666297912597656, "bbox.xmax": 50.666446685791016, "bbox.ymin": 53.283966064453125, "bbox.ymax": 53.284061431884766, "theme": "buildings", "type": "building", "xmin": 50.6643816, "ymin": 53.2825064, "xmax": 50.6711443, "ymax": 53.2855954, "source_item.property": "", "source_item.dataset": "OpenStreetMap", "source_item.license": "ODbL-1.0", "source_item.record_id": "w1476555734@2", "source_item.update_time": "2026-02-17T15:38:07.000Z", "source_item.confidence": null, "source_item.between": null, "source_type": "my" }, "geometry": { "type": "Polygon", "coordinates": [ [ [ 50.6663999, 53.2840552 ], [ 50.6662982, 53.2840195 ], [ 50.6663434, 53.2839735 ], [ 50.6664451, 53.2840093 ], [ 50.6663999, 53.2840552 ] ] ] } },
{ "type": "Feature", "properties": { "id": "3ae79ee1-b64f-457c-b4df-44c831979de6", "names.primary": null, "sources": [ { "property": "", "dataset": "OpenStreetMap", "license": "ODbL-1.0", "record_id": "w1476555733@2", "update_time": "2026-02-17T15:38:07.000Z", "confidence": null, "between": null } ], "level": null, "height": null, "min_height": null, "is_underground": false, "num_floors": 1, "num_floors_underground": null, "min_floor": null, "subtype": "residential", "class": "house", "facade_color": null, "facade_material": null, "roof_material": null, "roof_shape": null, "roof_direction": null, "roof_orientation": null, "roof_color": null, "roof_height": null, "has_parts": false, "version": 1, "bbox.xmin": 50.666454315185547, "bbox.xmax": 50.666576385498047, "bbox.ymin": 53.283954620361328, "bbox.ymax": 53.284038543701172, "theme": "buildings", "type": "building", "xmin": 50.6643816, "ymin": 53.2825064, "xmax": 50.6711443, "ymax": 53.2855954, "source_item.property": "", "source_item.dataset": "OpenStreetMap", "source_item.license": "ODbL-1.0", "source_item.record_id": "w1476555733@2", "source_item.update_time": "2026-02-17T15:38:07.000Z", "source_item.confidence": null, "source_item.between": null, "source_type": "my" }, "geometry": { "type": "Polygon", "coordinates": [ [ [ 50.6665142, 53.2840326 ], [ 50.6664612, 53.2840131 ], [ 50.6665165, 53.2839606 ], [ 50.6665702, 53.2839818 ], [ 50.6665142, 53.2840326 ] ] ] } },
{ "type": "Feature", "properties": { "id": "73ee6df3-4175-4da7-afee-9029f19b003f", "names.primary": null, "sources": [ { "property": "", "dataset": "Microsoft ML Buildings", "license": "ODbL-1.0", "record_id": null, "update_time": "2016-07-29T00:00:00.000Z", "confidence": null, "between": null } ], "level": null, "height": null, "min_height": null, "is_underground": false, "num_floors": null, "num_floors_underground": null, "min_floor": null, "subtype": null, "class": null, "facade_color": null, "facade_material": null, "roof_material": null, "roof_shape": null, "roof_direction": null, "roof_orientation": null, "roof_color": null, "roof_height": null, "has_parts": false, "version": 3, "bbox.xmin": 50.666297912597656, "bbox.xmax": 50.666419982910156, "bbox.ymin": 53.284164428710938, "bbox.ymax": 53.284233093261719, "theme": "buildings", "type": "building", "xmin": 50.6643816, "ymin": 53.2825064, "xmax": 50.6711443, "ymax": 53.2855954, "source_item.property": "", "source_item.dataset": "Microsoft ML Buildings", "source_item.license": "ODbL-1.0", "source_item.record_id": null, "source_item.update_time": "2016-07-29T00:00:00.000Z", "source_item.confidence": null, "source_item.between": null, "source_type": "ml" }, "geometry": { "type": "Polygon", "coordinates": [ [ [ 50.6663282, 53.2841714 ], [ 50.6664137, 53.2841988 ], [ 50.6663836, 53.2842324 ], [ 50.6662981, 53.2842051 ], [ 50.6663282, 53.2841714 ] ] ] } },
{ "type": "Feature", "properties": { "id": "43eeafd1-57c5-4735-b4f9-41d047ecec92", "names.primary": null, "sources": [ { "property": "", "dataset": "Microsoft ML Buildings", "license": "ODbL-1.0", "record_id": null, "update_time": "2016-07-29T00:00:00.000Z", "confidence": null, "between": null } ], "level": null, "height": null, "min_height": null, "is_underground": false, "num_floors": null, "num_floors_underground": null, "min_floor": null, "subtype": null, "class": null, "facade_color": null, "facade_material": null, "roof_material": null, "roof_shape": null, "roof_direction": null, "roof_orientation": null, "roof_color": null, "roof_height": null, "has_parts": false, "version": 3, "bbox.xmin": 50.66607666015625, "bbox.xmax": 50.666202545166016, "bbox.ymin": 53.284164428710938, "bbox.ymax": 53.284259796142578, "theme": "buildings", "type": "building", "xmin": 50.6643816, "ymin": 53.2825064, "xmax": 50.6711443, "ymax": 53.2855954, "source_item.property": "", "source_item.dataset": "Microsoft ML Buildings", "source_item.license": "ODbL-1.0", "source_item.record_id": null, "source_item.update_time": "2016-07-29T00:00:00.000Z", "source_item.confidence": null, "source_item.between": null, "source_type": "ml" }, "geometry": { "type": "Polygon", "coordinates": [ [ [ 50.6660832, 53.2842432 ], [ 50.6661549, 53.2841707 ], [ 50.6661966, 53.2841855 ], [ 50.6661249, 53.284258 ], [ 50.6660832, 53.2842432 ] ] ] } },
{ "type": "Feature", "properties": { "id": "6162c635-0ff1-4973-9648-0bca2ac95d5a", "names.primary": null, "sources": [ { "property": "", "dataset": "Microsoft ML Buildings", "license": "ODbL-1.0", "record_id": null, "update_time": "2016-07-29T00:00:00.000Z", "confidence": null, "between": null } ], "level": null, "height": null, "min_height": null, "is_underground": false, "num_floors": null, "num_floors_underground": null, "min_floor": null, "subtype": null, "class": null, "facade_color": null, "facade_material": null, "roof_material": null, "roof_shape": null, "roof_direction": null, "roof_orientation": null, "roof_color": null, "roof_height": null, "has_parts": false, "version": 3, "bbox.xmin": 50.666084289550781, "bbox.xmax": 50.666191101074219, "bbox.ymin": 53.284091949462891, "bbox.ymax": 53.284152984619141, "theme": "buildings", "type": "building", "xmin": 50.6643816, "ymin": 53.2825064, "xmax": 50.6711443, "ymax": 53.2855954, "source_item.property": "", "source_item.dataset": "Microsoft ML Buildings", "source_item.license": "ODbL-1.0", "source_item.record_id": null, "source_item.update_time": "2016-07-29T00:00:00.000Z", "source_item.confidence": null, "source_item.between": null, "source_type": "ml" }, "geometry": { "type": "Polygon", "coordinates": [ [ [ 50.6661174, 53.2840935 ], [ 50.6661899, 53.2841155 ], [ 50.6661584, 53.2841525 ], [ 50.666086, 53.2841304 ], [ 50.6661174, 53.2840935 ] ] ] } },
{ "type": "Feature", "properties": { "id": "25afeb02-982e-4d1a-a745-11ee65b26fbc", "names.primary": null, "sources": [ { "property": "", "dataset": "Microsoft ML Buildings", "license": "ODbL-1.0", "record_id": null, "update_time": "2016-07-29T00:00:00.000Z", "confidence": null, "between": null } ], "level": null, "height": null, "min_height": null, "is_underground": false, "num_floors": null, "num_floors_underground": null, "min_floor": null, "subtype": null, "class": null, "facade_color": null, "facade_material": null, "roof_material": null, "roof_shape": null, "roof_direction": null, "roof_orientation": null, "roof_color": null, "roof_height": null, "has_parts": false, "version": 3, "bbox.xmin": 50.665992736816406, "bbox.xmax": 50.666114807128906, "bbox.ymin": 53.283969879150391, "bbox.ymax": 53.284042358398438, "theme": "buildings", "type": "building", "xmin": 50.6643816, "ymin": 53.2825064, "xmax": 50.6711443, "ymax": 53.2855954, "source_item.property": "", "source_item.dataset": "Microsoft ML Buildings", "source_item.license": "ODbL-1.0", "source_item.record_id": null, "source_item.update_time": "2016-07-29T00:00:00.000Z", "source_item.confidence": null, "source_item.between": null, "source_type": "ml" }, "geometry": { "type": "Polygon", "coordinates": [ [ [ 50.6660845, 53.2840406 ], [ 50.6659946, 53.2840218 ], [ 50.6660247, 53.2839704 ], [ 50.6661146, 53.2839891 ], [ 50.6660845, 53.2840406 ] ] ] } },
{ "type": "Feature", "properties": { "id": "e7498c45-c5cc-460b-90eb-f3ca9d55273f", "names.primary": null, "sources": [ { "property": "", "dataset": "Microsoft ML Buildings", "license": "ODbL-1.0", "record_id": null, "update_time": "2016-07-29T00:00:00.000Z", "confidence": null, "between": null } ], "level": null, "height": null, "min_height": null, "is_underground": false, "num_floors": null, "num_floors_underground": null, "min_floor": null, "subtype": null, "class": null, "facade_color": null, "facade_material": null, "roof_material": null, "roof_shape": null, "roof_direction": null, "roof_orientation": null, "roof_color": null, "roof_height": null, "has_parts": false, "version": 3, "bbox.xmin": 50.665763854980469, "bbox.xmax": 50.665878295898438, "bbox.ymin": 53.283988952636719, "bbox.ymax": 53.2840576171875, "theme": "buildings", "type": "building", "xmin": 50.6643816, "ymin": 53.2825064, "xmax": 50.6711443, "ymax": 53.2855954, "source_item.property": "", "source_item.dataset": "Microsoft ML Buildings", "source_item.license": "ODbL-1.0", "source_item.record_id": null, "source_item.update_time": "2016-07-29T00:00:00.000Z", "source_item.confidence": null, "source_item.between": null, "source_type": "ml" }, "geometry": { "type": "Polygon", "coordinates": [ [ [ 50.6658109, 53.2839904 ], [ 50.6658724, 53.2840135 ], [ 50.6658326, 53.2840515 ], [ 50.665771, 53.2840284 ], [ 50.6658109, 53.2839904 ] ] ] } },
{ "type": "Feature", "properties": { "id": "62f4291e-54f2-4b6d-b4a9-0670435c62d6", "names.primary": null, "sources": [ { "property": "", "dataset": "Microsoft ML Buildings", "license": "ODbL-1.0", "record_id": null, "update_time": "2016-07-29T00:00:00.000Z", "confidence": null, "between": null } ], "level": null, "height": null, "min_height": null, "is_underground": false, "num_floors": null, "num_floors_underground": null, "min_floor": null, "subtype": null, "class": null, "facade_color": null, "facade_material": null, "roof_material": null, "roof_shape": null, "roof_direction": null, "roof_orientation": null, "roof_color": null, "roof_height": null, "has_parts": false, "version": 3, "bbox.xmin": 50.665855407714844, "bbox.xmax": 50.666023254394531, "bbox.ymin": 53.284217834472656, "bbox.ymax": 53.284332275390625, "theme": "buildings", "type": "building", "xmin": 50.6643816, "ymin": 53.2825064, "xmax": 50.6711443, "ymax": 53.2855954, "source_item.property": "", "source_item.dataset": "Microsoft ML Buildings", "source_item.license": "ODbL-1.0", "source_item.record_id": null, "source_item.update_time": "2016-07-29T00:00:00.000Z", "source_item.confidence": null, "source_item.between": null, "source_type": "ml" }, "geometry": { "type": "Polygon", "coordinates": [ [ [ 50.6659701, 53.2843321 ], [ 50.6658614, 53.2842991 ], [ 50.6659296, 53.2842188 ], [ 50.666017, 53.2842454 ], [ 50.6659867, 53.2842811 ], [ 50.666008, 53.2842875 ], [ 50.6659701, 53.2843321 ] ] ] } },
{ "type": "Feature", "properties": { "id": "97479b05-a129-4426-b1a8-f8dadf0120f0", "names.primary": null, "sources": [ { "property": "", "dataset": "Microsoft ML Buildings", "license": "ODbL-1.0", "record_id": null, "update_time": "2016-07-29T00:00:00.000Z", "confidence": null, "between": null } ], "level": null, "height": null, "min_height": null, "is_underground": false, "num_floors": null, "num_floors_underground": null, "min_floor": null, "subtype": null, "class": null, "facade_color": null, "facade_material": null, "roof_material": null, "roof_shape": null, "roof_direction": null, "roof_orientation": null, "roof_color": null, "roof_height": null, "has_parts": false, "version": 3, "bbox.xmin": 50.665737152099609, "bbox.xmax": 50.665882110595703, "bbox.ymin": 53.284431457519531, "bbox.ymax": 53.284526824951172, "theme": "buildings", "type": "building", "xmin": 50.6643816, "ymin": 53.2825064, "xmax": 50.6711443, "ymax": 53.2855954, "source_item.property": "", "source_item.dataset": "Microsoft ML Buildings", "source_item.license": "ODbL-1.0", "source_item.record_id": null, "source_item.update_time": "2016-07-29T00:00:00.000Z", "source_item.confidence": null, "source_item.between": null, "source_type": "ml" }, "geometry": { "type": "Polygon", "coordinates": [ [ [ 50.665784, 53.2844324 ], [ 50.6658748, 53.2844527 ], [ 50.6658285, 53.2845267 ], [ 50.6657377, 53.2845063 ], [ 50.665784, 53.2844324 ] ] ] } },
{ "type": "Feature", "properties": { "id": "99e765d5-e0a3-421f-a10d-eae3bc353161", "names.primary": null, "sources": [ { "property": "", "dataset": "Microsoft ML Buildings", "license": "ODbL-1.0", "record_id": null, "update_time": "2016-07-29T00:00:00.000Z", "confidence": null, "between": null } ], "level": null, "height": null, "min_height": null, "is_underground": false, "num_floors": null, "num_floors_underground": null, "min_floor": null, "subtype": null, "class": null, "facade_color": null, "facade_material": null, "roof_material": null, "roof_shape": null, "roof_direction": null, "roof_orientation": null, "roof_color": null, "roof_height": null, "has_parts": false, "version": 3, "bbox.xmin": 50.666130065917969, "bbox.xmax": 50.666187286376953, "bbox.ymin": 53.284358978271484, "bbox.ymax": 53.284412384033203, "theme": "buildings", "type": "building", "xmin": 50.6643816, "ymin": 53.2825064, "xmax": 50.6711443, "ymax": 53.2855954, "source_item.property": "", "source_item.dataset": "Microsoft ML Buildings", "source_item.license": "ODbL-1.0", "source_item.record_id": null, "source_item.update_time": "2016-07-29T00:00:00.000Z", "source_item.confidence": null, "source_item.between": null, "source_type": "ml" }, "geometry": { "type": "Polygon", "coordinates": [ [ [ 50.6661722, 53.2844119 ], [ 50.6661363, 53.2844073 ], [ 50.6661512, 53.2843659 ], [ 50.6661871, 53.2843705 ], [ 50.6661722, 53.2844119 ] ] ] } },
{ "type": "Feature", "properties": { "id": "6d840da4-1616-4d69-ae34-96d2e3ad3df1", "names.primary": null, "sources": [ { "property": "", "dataset": "Microsoft ML Buildings", "license": "ODbL-1.0", "record_id": null, "update_time": "2016-07-29T00:00:00.000Z", "confidence": null, "between": null } ], "level": null, "height": null, "min_height": null, "is_underground": false, "num_floors": null, "num_floors_underground": null, "min_floor": null, "subtype": null, "class": null, "facade_color": null, "facade_material": null, "roof_material": null, "roof_shape": null, "roof_direction": null, "roof_orientation": null, "roof_color": null, "roof_height": null, "has_parts": false, "version": 3, "bbox.xmin": 50.665985107421875, "bbox.xmax": 50.666084289550781, "bbox.ymin": 53.284549713134766, "bbox.ymax": 53.284603118896484, "theme": "buildings", "type": "building", "xmin": 50.6643816, "ymin": 53.2825064, "xmax": 50.6711443, "ymax": 53.2855954, "source_item.property": "", "source_item.dataset": "Microsoft ML Buildings", "source_item.license": "ODbL-1.0", "source_item.record_id": null, "source_item.update_time": "2016-07-29T00:00:00.000Z", "source_item.confidence": null, "source_item.between": null, "source_type": "ml" }, "geometry": { "type": "Polygon", "coordinates": [ [ [ 50.6660652, 53.2846018 ], [ 50.6659913, 53.2845886 ], [ 50.6660101, 53.284551 ], [ 50.666084, 53.2845641 ], [ 50.6660652, 53.2846018 ] ] ] } },
{ "type": "Feature", "properties": { "id": "e5b3bb0d-85e2-414a-8ffe-7cdce2d75096", "names.primary": null, "sources": [ { "property": "", "dataset": "Microsoft ML Buildings", "license": "ODbL-1.0", "record_id": null, "update_time": "2016-07-29T00:00:00.000Z", "confidence": null, "between": null } ], "level": null, "height": null, "min_height": null, "is_underground": false, "num_floors": null, "num_floors_underground": null, "min_floor": null, "subtype": null, "class": null, "facade_color": null, "facade_material": null, "roof_material": null, "roof_shape": null, "roof_direction": null, "roof_orientation": null, "roof_color": null, "roof_height": null, "has_parts": false, "version": 3, "bbox.xmin": 50.666034698486328, "bbox.xmax": 50.666164398193359, "bbox.ymin": 53.284561157226562, "bbox.ymax": 53.284656524658203, "theme": "buildings", "type": "building", "xmin": 50.6643816, "ymin": 53.2825064, "xmax": 50.6711443, "ymax": 53.2855954, "source_item.property": "", "source_item.dataset": "Microsoft ML Buildings", "source_item.license": "ODbL-1.0", "source_item.record_id": null, "source_item.update_time": "2016-07-29T00:00:00.000Z", "source_item.confidence": null, "source_item.between": null, "source_type": "ml" }, "geometry": { "type": "Polygon", "coordinates": [ [ [ 50.6660418, 53.2846306 ], [ 50.6660842, 53.2845669 ], [ 50.6661638, 53.2845858 ], [ 50.6661214, 53.2846495 ], [ 50.6660418, 53.2846306 ] ] ] } },
{ "type": "Feature", "properties": { "id": "1cf04498-c79b-4fe0-8377-4ed26d794b16", "names.primary": null, "sources": [ { "property": "", "dataset": "Microsoft ML Buildings", "license": "ODbL-1.0", "record_id": null, "update_time": "2016-07-29T00:00:00.000Z", "confidence": null, "between": null } ], "level": null, "height": null, "min_height": null, "is_underground": false, "num_floors": null, "num_floors_underground": null, "min_floor": null, "subtype": null, "class": null, "facade_color": null, "facade_material": null, "roof_material": null, "roof_shape": null, "roof_direction": null, "roof_orientation": null, "roof_color": null, "roof_height": null, "has_parts": false, "version": 3, "bbox.xmin": 50.666038513183594, "bbox.xmax": 50.666110992431641, "bbox.ymin": 53.284641265869141, "bbox.ymax": 53.284690856933594, "theme": "buildings", "type": "building", "xmin": 50.6643816, "ymin": 53.2825064, "xmax": 50.6711443, "ymax": 53.2855954, "source_item.property": "", "source_item.dataset": "Microsoft ML Buildings", "source_item.license": "ODbL-1.0", "source_item.record_id": null, "source_item.update_time": "2016-07-29T00:00:00.000Z", "source_item.confidence": null, "source_item.between": null, "source_type": "ml" }, "geometry": { "type": "Polygon", "coordinates": [ [ [ 50.6660923, 53.2846833 ], [ 50.6660395, 53.2846711 ], [ 50.6660579, 53.2846426 ], [ 50.6661108, 53.2846548 ], [ 50.6660923, 53.2846833 ] ] ] } },
{ "type": "Feature", "properties": { "id": "b29f82bf-7556-4098-a1b8-20e09f0953c6", "names.primary": null, "sources": [ { "property": "", "dataset": "Microsoft ML Buildings", "license": "ODbL-1.0", "record_id": null, "update_time": "2016-07-29T00:00:00.000Z", "confidence": null, "between": null } ], "level": null, "height": null, "min_height": null, "is_underground": false, "num_floors": null, "num_floors_underground": null, "min_floor": null, "subtype": null, "class": null, "facade_color": null, "facade_material": null, "roof_material": null, "roof_shape": null, "roof_direction": null, "roof_orientation": null, "roof_color": null, "roof_height": null, "has_parts": false, "version": 3, "bbox.xmin": 50.665847778320312, "bbox.xmax": 50.665966033935547, "bbox.ymin": 53.284774780273438, "bbox.ymax": 53.284847259521484, "theme": "buildings", "type": "building", "xmin": 50.6643816, "ymin": 53.2825064, "xmax": 50.6711443, "ymax": 53.2855954, "source_item.property": "", "source_item.dataset": "Microsoft ML Buildings", "source_item.license": "ODbL-1.0", "source_item.record_id": null, "source_item.update_time": "2016-07-29T00:00:00.000Z", "source_item.confidence": null, "source_item.between": null, "source_type": "ml" }, "geometry": { "type": "Polygon", "coordinates": [ [ [ 50.6659277, 53.2848461 ], [ 50.6658543, 53.2848281 ], [ 50.6658867, 53.2847809 ], [ 50.6659602, 53.2847989 ], [ 50.6659277, 53.2848461 ] ] ] } },
{ "type": "Feature", "properties": { "id": "2953a269-ab5c-4f23-8b14-00a20b8c093d", "names.primary": null, "sources": [ { "property": "", "dataset": "Microsoft ML Buildings", "license": "ODbL-1.0", "record_id": null, "update_time": "2016-07-29T00:00:00.000Z", "confidence": null, "between": null } ], "level": null, "height": null, "min_height": null, "is_underground": false, "num_floors": null, "num_floors_underground": null, "min_floor": null, "subtype": null, "class": null, "facade_color": null, "facade_material": null, "roof_material": null, "roof_shape": null, "roof_direction": null, "roof_orientation": null, "roof_color": null, "roof_height": null, "has_parts": false, "version": 3, "bbox.xmin": 50.665756225585938, "bbox.xmax": 50.665985107421875, "bbox.ymin": 53.284896850585938, "bbox.ymax": 53.285049438476562, "theme": "buildings", "type": "building", "xmin": 50.6643816, "ymin": 53.2825064, "xmax": 50.6711443, "ymax": 53.2855954, "source_item.property": "", "source_item.dataset": "Microsoft ML Buildings", "source_item.license": "ODbL-1.0", "source_item.record_id": null, "source_item.update_time": "2016-07-29T00:00:00.000Z", "source_item.confidence": null, "source_item.between": null, "source_type": "ml" }, "geometry": { "type": "Polygon", "coordinates": [ [ [ 50.6658018, 53.2848969 ], [ 50.6659835, 53.2849316 ], [ 50.665921, 53.2850488 ], [ 50.6657563, 53.2850174 ], [ 50.6658075, 53.2849214 ], [ 50.6657905, 53.2849181 ], [ 50.6658018, 53.2848969 ] ] ] } },
{ "type": "Feature", "properties": { "id": "45a47279-8794-411a-bcf0-10ea22e66f4a", "names.primary": null, "sources": [ { "property": "", "dataset": "Microsoft ML Buildings", "license": "ODbL-1.0", "record_id": null, "update_time": "2016-07-29T00:00:00.000Z", "confidence": null, "between": null } ], "level": null, "height": null, "min_height": null, "is_underground": false, "num_floors": null, "num_floors_underground": null, "min_floor": null, "subtype": null, "class": null, "facade_color": null, "facade_material": null, "roof_material": null, "roof_shape": null, "roof_direction": null, "roof_orientation": null, "roof_color": null, "roof_height": null, "has_parts": false, "version": 3, "bbox.xmin": 50.665985107421875, "bbox.xmax": 50.666145324707031, "bbox.ymin": 53.28497314453125, "bbox.ymax": 53.285083770751953, "theme": "buildings", "type": "building", "xmin": 50.6643816, "ymin": 53.2825064, "xmax": 50.6711443, "ymax": 53.2855954, "source_item.property": "", "source_item.dataset": "Microsoft ML Buildings", "source_item.license": "ODbL-1.0", "source_item.record_id": null, "source_item.update_time": "2016-07-29T00:00:00.000Z", "source_item.confidence": null, "source_item.between": null, "source_type": "ml" }, "geometry": { "type": "Polygon", "coordinates": [ [ [ 50.6659909, 53.2850716 ], [ 50.6660133, 53.2849789 ], [ 50.6661394, 53.2849898 ], [ 50.666117, 53.2850825 ], [ 50.6659909, 53.2850716 ] ] ] } },
{ "type": "Feature", "properties": { "id": "e28f2a10-9c56-424f-8447-c9688555252c", "names.primary": null, "sources": [ { "property": "", "dataset": "Microsoft ML Buildings", "license": "ODbL-1.0", "record_id": null, "update_time": "2016-07-29T00:00:00.000Z", "confidence": null, "between": null } ], "level": null, "height": null, "min_height": null, "is_underground": false, "num_floors": null, "num_floors_underground": null, "min_floor": null, "subtype": null, "class": null, "facade_color": null, "facade_material": null, "roof_material": null, "roof_shape": null, "roof_direction": null, "roof_orientation": null, "roof_color": null, "roof_height": null, "has_parts": false, "version": 3, "bbox.xmin": 50.666133880615234, "bbox.xmax": 50.666221618652344, "bbox.ymin": 53.284832000732422, "bbox.ymax": 53.284881591796875, "theme": "buildings", "type": "building", "xmin": 50.6643816, "ymin": 53.2825064, "xmax": 50.6711443, "ymax": 53.2855954, "source_item.property": "", "source_item.dataset": "Microsoft ML Buildings", "source_item.license": "ODbL-1.0", "source_item.record_id": null, "source_item.update_time": "2016-07-29T00:00:00.000Z", "source_item.confidence": null, "source_item.between": null, "source_type": "ml" }, "geometry": { "type": "Polygon", "coordinates": [ [ [ 50.6661591, 53.2848322 ], [ 50.6662148, 53.2848473 ], [ 50.66619, 53.28488 ], [ 50.6661344, 53.2848649 ], [ 50.6661591, 53.2848322 ] ] ] } },
{ "type": "Feature", "properties": { "id": "c243aca0-16cc-4994-b215-8af50c3345bf", "names.primary": null, "sources": [ { "property": "", "dataset": "Microsoft ML Buildings", "license": "ODbL-1.0", "record_id": null, "update_time": "2016-07-29T00:00:00.000Z", "confidence": null, "between": null } ], "level": null, "height": null, "min_height": null, "is_underground": false, "num_floors": null, "num_floors_underground": null, "min_floor": null, "subtype": null, "class": null, "facade_color": null, "facade_material": null, "roof_material": null, "roof_shape": null, "roof_direction": null, "roof_orientation": null, "roof_color": null, "roof_height": null, "has_parts": false, "version": 3, "bbox.xmin": 50.666007995605469, "bbox.xmax": 50.666168212890625, "bbox.ymin": 53.284778594970703, "bbox.ymax": 53.284858703613281, "theme": "buildings", "type": "building", "xmin": 50.6643816, "ymin": 53.2825064, "xmax": 50.6711443, "ymax": 53.2855954, "source_item.property": "", "source_item.dataset": "Microsoft ML Buildings", "source_item.license": "ODbL-1.0", "source_item.record_id": null, "source_item.update_time": "2016-07-29T00:00:00.000Z", "source_item.confidence": null, "source_item.between": null, "source_type": "ml" }, "geometry": { "type": "Polygon", "coordinates": [ [ [ 50.6661312, 53.2848579 ], [ 50.6660084, 53.28482 ], [ 50.6660391, 53.2847846 ], [ 50.6661618, 53.2848225 ], [ 50.6661312, 53.2848579 ] ] ] } },
{ "type": "Feature", "properties": { "id": "67553f61-b31a-421b-8af4-3ef4d39952f2", "names.primary": null, "sources": [ { "property": "", "dataset": "Microsoft ML Buildings", "license": "ODbL-1.0", "record_id": null, "update_time": "2016-07-29T00:00:00.000Z", "confidence": null, "between": null } ], "level": null, "height": null, "min_height": null, "is_underground": false, "num_floors": null, "num_floors_underground": null, "min_floor": null, "subtype": null, "class": null, "facade_color": null, "facade_material": null, "roof_material": null, "roof_shape": null, "roof_direction": null, "roof_orientation": null, "roof_color": null, "roof_height": null, "has_parts": false, "version": 3, "bbox.xmin": 50.666255950927734, "bbox.xmax": 50.666351318359375, "bbox.ymin": 53.28497314453125, "bbox.ymax": 53.285049438476562, "theme": "buildings", "type": "building", "xmin": 50.6643816, "ymin": 53.2825064, "xmax": 50.6711443, "ymax": 53.2855954, "source_item.property": "", "source_item.dataset": "Microsoft ML Buildings", "source_item.license": "ODbL-1.0", "source_item.record_id": null, "source_item.update_time": "2016-07-29T00:00:00.000Z", "source_item.confidence": null, "source_item.between": null, "source_type": "ml" }, "geometry": { "type": "Polygon", "coordinates": [ [ [ 50.666291, 53.2849743 ], [ 50.6663504, 53.2849878 ], [ 50.6663155, 53.2850424 ], [ 50.6662562, 53.2850289 ], [ 50.666291, 53.2849743 ] ] ] } },
{ "type": "Feature", "properties": { "id": "7a000d5a-5ee4-4a04-9111-6aad77538926", "names.primary": null, "sources": [ { "property": "", "dataset": "Microsoft ML Buildings", "license": "ODbL-1.0", "record_id": null, "update_time": "2016-07-29T00:00:00.000Z", "confidence": null, "between": null } ], "level": null, "height": null, "min_height": null, "is_underground": false, "num_floors": null, "num_floors_underground": null, "min_floor": null, "subtype": null, "class": null, "facade_color": null, "facade_material": null, "roof_material": null, "roof_shape": null, "roof_direction": null, "roof_orientation": null, "roof_color": null, "roof_height": null, "has_parts": false, "version": 3, "bbox.xmin": 50.666492462158203, "bbox.xmax": 50.666591644287109, "bbox.ymin": 53.284950256347656, "bbox.ymax": 53.285011291503906, "theme": "buildings", "type": "building", "xmin": 50.6643816, "ymin": 53.2825064, "xmax": 50.6711443, "ymax": 53.2855954, "source_item.property": "", "source_item.dataset": "Microsoft ML Buildings", "source_item.license": "ODbL-1.0", "source_item.record_id": null, "source_item.update_time": "2016-07-29T00:00:00.000Z", "source_item.confidence": null, "source_item.between": null, "source_type": "ml" }, "geometry": { "type": "Polygon", "coordinates": [ [ [ 50.6664999, 53.2849877 ], [ 50.6665322, 53.2849515 ], [ 50.6665844, 53.2849681 ], [ 50.6665522, 53.2850044 ], [ 50.6664999, 53.2849877 ] ] ] } },
{ "type": "Feature", "properties": { "id": "c7431e2e-4e24-4867-996e-2d4bf22cc8b7", "names.primary": null, "sources": [ { "property": "", "dataset": "Microsoft ML Buildings", "license": "ODbL-1.0", "record_id": null, "update_time": "2016-07-29T00:00:00.000Z", "confidence": null, "between": null } ], "level": null, "height": null, "min_height": null, "is_underground": false, "num_floors": null, "num_floors_underground": null, "min_floor": null, "subtype": null, "class": null, "facade_color": null, "facade_material": null, "roof_material": null, "roof_shape": null, "roof_direction": null, "roof_orientation": null, "roof_color": null, "roof_height": null, "has_parts": false, "version": 3, "bbox.xmin": 50.666374206542969, "bbox.xmax": 50.666450500488281, "bbox.ymin": 53.284717559814453, "bbox.ymax": 53.284782409667969, "theme": "buildings", "type": "building", "xmin": 50.6643816, "ymin": 53.2825064, "xmax": 50.6711443, "ymax": 53.2855954, "source_item.property": "", "source_item.dataset": "Microsoft ML Buildings", "source_item.license": "ODbL-1.0", "source_item.record_id": null, "source_item.update_time": "2016-07-29T00:00:00.000Z", "source_item.confidence": null, "source_item.between": null, "source_type": "ml" }, "geometry": { "type": "Polygon", "coordinates": [ [ [ 50.6664108, 53.2847822 ], [ 50.6663806, 53.2847751 ], [ 50.6664145, 53.2847238 ], [ 50.6664447, 53.2847309 ], [ 50.6664108, 53.2847822 ] ] ] } },
{ "type": "Feature", "properties": { "id": "55b6bf26-e5d2-45d7-bfc6-1a7994c52319", "names.primary": null, "sources": [ { "property": "", "dataset": "Microsoft ML Buildings", "license": "ODbL-1.0", "record_id": null, "update_time": "2016-07-29T00:00:00.000Z", "confidence": null, "between": null } ], "level": null, "height": null, "min_height": null, "is_underground": false, "num_floors": null, "num_floors_underground": null, "min_floor": null, "subtype": null, "class": null, "facade_color": null, "facade_material": null, "roof_material": null, "roof_shape": null, "roof_direction": null, "roof_orientation": null, "roof_color": null, "roof_height": null, "has_parts": false, "version": 3, "bbox.xmin": 50.666259765625, "bbox.xmax": 50.666412353515625, "bbox.ymin": 53.284633636474609, "bbox.ymax": 53.284721374511719, "theme": "buildings", "type": "building", "xmin": 50.6643816, "ymin": 53.2825064, "xmax": 50.6711443, "ymax": 53.2855954, "source_item.property": "", "source_item.dataset": "Microsoft ML Buildings", "source_item.license": "ODbL-1.0", "source_item.record_id": null, "source_item.update_time": "2016-07-29T00:00:00.000Z", "source_item.confidence": null, "source_item.between": null, "source_type": "ml" }, "geometry": { "type": "Polygon", "coordinates": [ [ [ 50.6662666, 53.2847074 ], [ 50.6662878, 53.2846349 ], [ 50.6664065, 53.2846473 ], [ 50.6663853, 53.2847198 ], [ 50.6662666, 53.2847074 ] ] ] } },
{ "type": "Feature", "properties": { "id": "543c8041-a443-40fe-ae91-f7d84bce9761", "names.primary": null, "sources": [ { "property": "", "dataset": "Microsoft ML Buildings", "license": "ODbL-1.0", "record_id": null, "update_time": "2016-07-29T00:00:00.000Z", "confidence": null, "between": null } ], "level": null, "height": null, "min_height": null, "is_underground": false, "num_floors": null, "num_floors_underground": null, "min_floor": null, "subtype": null, "class": null, "facade_color": null, "facade_material": null, "roof_material": null, "roof_shape": null, "roof_direction": null, "roof_orientation": null, "roof_color": null, "roof_height": null, "has_parts": false, "version": 3, "bbox.xmin": 50.666217803955078, "bbox.xmax": 50.666297912597656, "bbox.ymin": 53.284397125244141, "bbox.ymax": 53.284450531005859, "theme": "buildings", "type": "building", "xmin": 50.6643816, "ymin": 53.2825064, "xmax": 50.6711443, "ymax": 53.2855954, "source_item.property": "", "source_item.dataset": "Microsoft ML Buildings", "source_item.license": "ODbL-1.0", "source_item.record_id": null, "source_item.update_time": "2016-07-29T00:00:00.000Z", "source_item.confidence": null, "source_item.between": null, "source_type": "ml" }, "geometry": { "type": "Polygon", "coordinates": [ [ [ 50.6662432, 53.2844046 ], [ 50.6662903, 53.2844178 ], [ 50.6662656, 53.2844494 ], [ 50.6662185, 53.2844362 ], [ 50.6662432, 53.2844046 ] ] ] } },
{ "type": "Feature", "properties": { "id": "b4f23644-57ef-450a-bc3d-eaba6f608fc3", "names.primary": null, "sources": [ { "property": "", "dataset": "Microsoft ML Buildings", "license": "ODbL-1.0", "record_id": null, "update_time": "2016-07-29T00:00:00.000Z", "confidence": null, "between": null } ], "level": null, "height": null, "min_height": null, "is_underground": false, "num_floors": null, "num_floors_underground": null, "min_floor": null, "subtype": null, "class": null, "facade_color": null, "facade_material": null, "roof_material": null, "roof_shape": null, "roof_direction": null, "roof_orientation": null, "roof_color": null, "roof_height": null, "has_parts": false, "version": 3, "bbox.xmin": 50.666164398193359, "bbox.xmax": 50.666255950927734, "bbox.ymin": 53.28436279296875, "bbox.ymax": 53.284423828125, "theme": "buildings", "type": "building", "xmin": 50.6643816, "ymin": 53.2825064, "xmax": 50.6711443, "ymax": 53.2855954, "source_item.property": "", "source_item.dataset": "Microsoft ML Buildings", "source_item.license": "ODbL-1.0", "source_item.record_id": null, "source_item.update_time": "2016-07-29T00:00:00.000Z", "source_item.confidence": null, "source_item.between": null, "source_type": "ml" }, "geometry": { "type": "Polygon", "coordinates": [ [ [ 50.6662201, 53.2844226 ], [ 50.6661702, 53.2844088 ], [ 50.6662051, 53.2843639 ], [ 50.666255, 53.2843778 ], [ 50.6662201, 53.2844226 ] ] ] } },
{ "type": "Feature", "properties": { "id": "0dddf801-096b-4976-944f-8f7df17ce25c", "names.primary": null, "sources": [ { "property": "", "dataset": "Microsoft ML Buildings", "license": "ODbL-1.0", "record_id": null, "update_time": "2016-07-29T00:00:00.000Z", "confidence": null, "between": null } ], "level": null, "height": null, "min_height": null, "is_underground": false, "num_floors": null, "num_floors_underground": null, "min_floor": null, "subtype": null, "class": null, "facade_color": null, "facade_material": null, "roof_material": null, "roof_shape": null, "roof_direction": null, "roof_orientation": null, "roof_color": null, "roof_height": null, "has_parts": false, "version": 3, "bbox.xmin": 50.666759490966797, "bbox.xmax": 50.6668701171875, "bbox.ymin": 53.284530639648438, "bbox.ymax": 53.284595489501953, "theme": "buildings", "type": "building", "xmin": 50.6643816, "ymin": 53.2825064, "xmax": 50.6711443, "ymax": 53.2855954, "source_item.property": "", "source_item.dataset": "Microsoft ML Buildings", "source_item.license": "ODbL-1.0", "source_item.record_id": null, "source_item.update_time": "2016-07-29T00:00:00.000Z", "source_item.confidence": null, "source_item.between": null, "source_type": "ml" }, "geometry": { "type": "Polygon", "coordinates": [ [ [ 50.6667603, 53.2845589 ], [ 50.6667879, 53.2845323 ], [ 50.66687, 53.2845627 ], [ 50.6668423, 53.2845894 ], [ 50.6667603, 53.2845589 ] ] ] } },
{ "type": "Feature", "properties": { "id": "9cfdbbfd-a5ef-4ac7-97c8-c3f521dc32a3", "names.primary": null, "sources": [ { "property": "", "dataset": "Microsoft ML Buildings", "license": "ODbL-1.0", "record_id": null, "update_time": "2016-07-29T00:00:00.000Z", "confidence": null, "between": null } ], "level": null, "height": null, "min_height": null, "is_underground": false, "num_floors": null, "num_floors_underground": null, "min_floor": null, "subtype": null, "class": null, "facade_color": null, "facade_material": null, "roof_material": null, "roof_shape": null, "roof_direction": null, "roof_orientation": null, "roof_color": null, "roof_height": null, "has_parts": false, "version": 3, "bbox.xmin": 50.666893005371094, "bbox.xmax": 50.666980743408203, "bbox.ymin": 53.284492492675781, "bbox.ymax": 53.284564971923828, "theme": "buildings", "type": "building", "xmin": 50.6643816, "ymin": 53.2825064, "xmax": 50.6711443, "ymax": 53.2855954, "source_item.property": "", "source_item.dataset": "Microsoft ML Buildings", "source_item.license": "ODbL-1.0", "source_item.record_id": null, "source_item.update_time": "2016-07-29T00:00:00.000Z", "source_item.confidence": null, "source_item.between": null, "source_type": "ml" }, "geometry": { "type": "Polygon", "coordinates": [ [ [ 50.6669411, 53.2844987 ], [ 50.6669806, 53.2845115 ], [ 50.6669335, 53.2845636 ], [ 50.666894, 53.2845509 ], [ 50.6669411, 53.2844987 ] ] ] } },
{ "type": "Feature", "properties": { "id": "4b4cfc78-1b58-47c8-9f7e-b134d67ade97", "names.primary": null, "sources": [ { "property": "", "dataset": "Microsoft ML Buildings", "license": "ODbL-1.0", "record_id": null, "update_time": "2016-07-29T00:00:00.000Z", "confidence": null, "between": null } ], "level": null, "height": null, "min_height": null, "is_underground": false, "num_floors": null, "num_floors_underground": null, "min_floor": null, "subtype": null, "class": null, "facade_color": null, "facade_material": null, "roof_material": null, "roof_shape": null, "roof_direction": null, "roof_orientation": null, "roof_color": null, "roof_height": null, "has_parts": false, "version": 3, "bbox.xmin": 50.666851043701172, "bbox.xmax": 50.666934967041016, "bbox.ymin": 53.284637451171875, "bbox.ymax": 53.284717559814453, "theme": "buildings", "type": "building", "xmin": 50.6643816, "ymin": 53.2825064, "xmax": 50.6711443, "ymax": 53.2855954, "source_item.property": "", "source_item.dataset": "Microsoft ML Buildings", "source_item.license": "ODbL-1.0", "source_item.record_id": null, "source_item.update_time": "2016-07-29T00:00:00.000Z", "source_item.confidence": null, "source_item.between": null, "source_type": "ml" }, "geometry": { "type": "Polygon", "coordinates": [ [ [ 50.6668866, 53.284711 ], [ 50.6668523, 53.2847007 ], [ 50.6668994, 53.2846443 ], [ 50.6669338, 53.2846545 ], [ 50.6668866, 53.284711 ] ] ] } },
{ "type": "Feature", "properties": { "id": "e2cee280-d1a8-4608-a13b-e0dec0055719", "names.primary": null, "sources": [ { "property": "", "dataset": "Microsoft ML Buildings", "license": "ODbL-1.0", "record_id": null, "update_time": "2016-07-29T00:00:00.000Z", "confidence": null, "between": null } ], "level": null, "height": null, "min_height": null, "is_underground": false, "num_floors": null, "num_floors_underground": null, "min_floor": null, "subtype": null, "class": null, "facade_color": null, "facade_material": null, "roof_material": null, "roof_shape": null, "roof_direction": null, "roof_orientation": null, "roof_color": null, "roof_height": null, "has_parts": false, "version": 3, "bbox.xmin": 50.666660308837891, "bbox.xmax": 50.666835784912109, "bbox.ymin": 53.284549713134766, "bbox.ymax": 53.284656524658203, "theme": "buildings", "type": "building", "xmin": 50.6643816, "ymin": 53.2825064, "xmax": 50.6711443, "ymax": 53.2855954, "source_item.property": "", "source_item.dataset": "Microsoft ML Buildings", "source_item.license": "ODbL-1.0", "source_item.record_id": null, "source_item.update_time": "2016-07-29T00:00:00.000Z", "source_item.confidence": null, "source_item.between": null, "source_type": "ml" }, "geometry": { "type": "Polygon", "coordinates": [ [ [ 50.666722, 53.2845501 ], [ 50.6668289, 53.2845862 ], [ 50.6667691, 53.2846494 ], [ 50.6666622, 53.2846132 ], [ 50.666722, 53.2845501 ] ] ] } },
{ "type": "Feature", "properties": { "id": "7cad7001-c14c-4018-a8ca-8b23a1f97b7d", "names.primary": null, "sources": [ { "property": "", "dataset": "Microsoft ML Buildings", "license": "ODbL-1.0", "record_id": null, "update_time": "2016-07-29T00:00:00.000Z", "confidence": null, "between": null } ], "level": null, "height": null, "min_height": null, "is_underground": false, "num_floors": null, "num_floors_underground": null, "min_floor": null, "subtype": null, "class": null, "facade_color": null, "facade_material": null, "roof_material": null, "roof_shape": null, "roof_direction": null, "roof_orientation": null, "roof_color": null, "roof_height": null, "has_parts": false, "version": 3, "bbox.xmin": 50.66656494140625, "bbox.xmax": 50.666748046875, "bbox.ymin": 53.284465789794922, "bbox.ymax": 53.284603118896484, "theme": "buildings", "type": "building", "xmin": 50.6643816, "ymin": 53.2825064, "xmax": 50.6711443, "ymax": 53.2855954, "source_item.property": "", "source_item.dataset": "Microsoft ML Buildings", "source_item.license": "ODbL-1.0", "source_item.record_id": null, "source_item.update_time": "2016-07-29T00:00:00.000Z", "source_item.confidence": null, "source_item.between": null, "source_type": "ml" }, "geometry": { "type": "Polygon", "coordinates": [ [ [ 50.666565, 53.2845665 ], [ 50.6666484, 53.2844675 ], [ 50.6667469, 53.2844971 ], [ 50.6666635, 53.2845961 ], [ 50.666565, 53.2845665 ] ] ] } },
{ "type": "Feature", "properties": { "id": "936d1b06-24b4-4705-98d9-00bfda5c7f32", "names.primary": null, "sources": [ { "property": "", "dataset": "Microsoft ML Buildings", "license": "ODbL-1.0", "record_id": null, "update_time": "2016-07-29T00:00:00.000Z", "confidence": null, "between": null } ], "level": null, "height": null, "min_height": null, "is_underground": false, "num_floors": null, "num_floors_underground": null, "min_floor": null, "subtype": null, "class": null, "facade_color": null, "facade_material": null, "roof_material": null, "roof_shape": null, "roof_direction": null, "roof_orientation": null, "roof_color": null, "roof_height": null, "has_parts": false, "version": 3, "bbox.xmin": 50.666828155517578, "bbox.xmax": 50.666942596435547, "bbox.ymin": 53.28485107421875, "bbox.ymax": 53.284927368164062, "theme": "buildings", "type": "building", "xmin": 50.6643816, "ymin": 53.2825064, "xmax": 50.6711443, "ymax": 53.2855954, "source_item.property": "", "source_item.dataset": "Microsoft ML Buildings", "source_item.license": "ODbL-1.0", "source_item.record_id": null, "source_item.update_time": "2016-07-29T00:00:00.000Z", "source_item.confidence": null, "source_item.between": null, "source_type": "ml" }, "geometry": { "type": "Polygon", "coordinates": [ [ [ 50.6668979, 53.2849272 ], [ 50.6668292, 53.2849096 ], [ 50.6668666, 53.2848576 ], [ 50.6669353, 53.2848753 ], [ 50.6668979, 53.2849272 ] ] ] } },
{ "type": "Feature", "properties": { "id": "8ec113e9-af2f-4696-bbad-913195135c3b", "names.primary": null, "sources": [ { "property": "", "dataset": "Microsoft ML Buildings", "license": "ODbL-1.0", "record_id": null, "update_time": "2016-07-29T00:00:00.000Z", "confidence": null, "between": null } ], "level": null, "height": null, "min_height": null, "is_underground": false, "num_floors": null, "num_floors_underground": null, "min_floor": null, "subtype": null, "class": null, "facade_color": null, "facade_material": null, "roof_material": null, "roof_shape": null, "roof_direction": null, "roof_orientation": null, "roof_color": null, "roof_height": null, "has_parts": false, "version": 3, "bbox.xmin": 50.666744232177734, "bbox.xmax": 50.666919708251953, "bbox.ymin": 53.284931182861328, "bbox.ymax": 53.285026550292969, "theme": "buildings", "type": "building", "xmin": 50.6643816, "ymin": 53.2825064, "xmax": 50.6711443, "ymax": 53.2855954, "source_item.property": "", "source_item.dataset": "Microsoft ML Buildings", "source_item.license": "ODbL-1.0", "source_item.record_id": null, "source_item.update_time": "2016-07-29T00:00:00.000Z", "source_item.confidence": null, "source_item.between": null, "source_type": "ml" }, "geometry": { "type": "Polygon", "coordinates": [ [ [ 50.6668071, 53.2849695 ], [ 50.6668222, 53.2849384 ], [ 50.6669186, 53.2849552 ], [ 50.666887, 53.2850202 ], [ 50.666751, 53.2849966 ], [ 50.6667675, 53.2849626 ], [ 50.6668071, 53.2849695 ] ] ] } },
{ "type": "Feature", "properties": { "id": "1074305c-a384-4181-b5a5-6d5e61688dc2", "names.primary": null, "sources": [ { "property": "", "dataset": "Microsoft ML Buildings", "license": "ODbL-1.0", "record_id": null, "update_time": "2016-07-29T00:00:00.000Z", "confidence": null, "between": null } ], "level": null, "height": null, "min_height": null, "is_underground": false, "num_floors": null, "num_floors_underground": null, "min_floor": null, "subtype": null, "class": null, "facade_color": null, "facade_material": null, "roof_material": null, "roof_shape": null, "roof_direction": null, "roof_orientation": null, "roof_color": null, "roof_height": null, "has_parts": false, "version": 3, "bbox.xmin": 50.667022705078125, "bbox.xmax": 50.6671142578125, "bbox.ymin": 53.284904479980469, "bbox.ymax": 53.284984588623047, "theme": "buildings", "type": "building", "xmin": 50.6643816, "ymin": 53.2825064, "xmax": 50.6711443, "ymax": 53.2855954, "source_item.property": "", "source_item.dataset": "Microsoft ML Buildings", "source_item.license": "ODbL-1.0", "source_item.record_id": null, "source_item.update_time": "2016-07-29T00:00:00.000Z", "source_item.confidence": null, "source_item.between": null, "source_type": "ml" }, "geometry": { "type": "Polygon", "coordinates": [ [ [ 50.6670246, 53.2849697 ], [ 50.6670452, 53.2849047 ], [ 50.6671134, 53.2849125 ], [ 50.6670928, 53.2849775 ], [ 50.6670246, 53.2849697 ] ] ] } },
{ "type": "Feature", "properties": { "id": "25b2c8ac-a9c3-4dd1-9726-d181730db31a", "names.primary": null, "sources": [ { "property": "", "dataset": "OpenStreetMap", "license": "ODbL-1.0", "record_id": "w1476555724@2", "update_time": "2026-02-17T15:38:07.000Z", "confidence": null, "between": null } ], "level": null, "height": null, "min_height": null, "is_underground": false, "num_floors": 1, "num_floors_underground": null, "min_floor": null, "subtype": "residential", "class": "house", "facade_color": null, "facade_material": null, "roof_material": null, "roof_shape": null, "roof_direction": null, "roof_orientation": null, "roof_color": null, "roof_height": null, "has_parts": false, "version": 1, "bbox.xmin": 50.667301177978516, "bbox.xmax": 50.667457580566406, "bbox.ymin": 53.284797668457031, "bbox.ymax": 53.284908294677734, "theme": "buildings", "type": "building", "xmin": 50.6643816, "ymin": 53.2825064, "xmax": 50.6711443, "ymax": 53.2855954, "source_item.property": "", "source_item.dataset": "OpenStreetMap", "source_item.license": "ODbL-1.0", "source_item.record_id": "w1476555724@2", "source_item.update_time": "2026-02-17T15:38:07.000Z", "source_item.confidence": null, "source_item.between": null, "source_type": "my" }, "geometry": { "type": "Polygon", "coordinates": [ [ [ 50.6673859, 53.2849012 ], [ 50.667303, 53.2848685 ], [ 50.6673746, 53.2848037 ], [ 50.6674575, 53.2848364 ], [ 50.6673859, 53.2849012 ] ] ] } },
{ "type": "Feature", "properties": { "id": "1c03e69a-c9f8-47fe-bf3a-2b72af6a01cf", "names.primary": null, "sources": [ { "property": "", "dataset": "Microsoft ML Buildings", "license": "ODbL-1.0", "record_id": null, "update_time": "2016-07-29T00:00:00.000Z", "confidence": null, "between": null } ], "level": null, "height": null, "min_height": null, "is_underground": false, "num_floors": null, "num_floors_underground": null, "min_floor": null, "subtype": null, "class": null, "facade_color": null, "facade_material": null, "roof_material": null, "roof_shape": null, "roof_direction": null, "roof_orientation": null, "roof_color": null, "roof_height": null, "has_parts": false, "version": 3, "bbox.xmin": 50.667106628417969, "bbox.xmax": 50.667198181152344, "bbox.ymin": 53.284450531005859, "bbox.ymax": 53.284511566162109, "theme": "buildings", "type": "building", "xmin": 50.6643816, "ymin": 53.2825064, "xmax": 50.6711443, "ymax": 53.2855954, "source_item.property": "", "source_item.dataset": "Microsoft ML Buildings", "source_item.license": "ODbL-1.0", "source_item.record_id": null, "source_item.update_time": "2016-07-29T00:00:00.000Z", "source_item.confidence": null, "source_item.between": null, "source_type": "ml" }, "geometry": { "type": "Polygon", "coordinates": [ [ [ 50.6671735, 53.2845051 ], [ 50.667108, 53.2844759 ], [ 50.6671319, 53.2844567 ], [ 50.6671974, 53.284486 ], [ 50.6671735, 53.2845051 ] ] ] } },
{ "type": "Feature", "properties": { "id": "774cbcb9-c592-4c6f-8c76-0ae64f3d656e", "names.primary": null, "sources": [ { "property": "", "dataset": "Microsoft ML Buildings", "license": "ODbL-1.0", "record_id": null, "update_time": "2016-07-29T00:00:00.000Z", "confidence": null, "between": null } ], "level": null, "height": null, "min_height": null, "is_underground": false, "num_floors": null, "num_floors_underground": null, "min_floor": null, "subtype": null, "class": null, "facade_color": null, "facade_material": null, "roof_material": null, "roof_shape": null, "roof_direction": null, "roof_orientation": null, "roof_color": null, "roof_height": null, "has_parts": false, "version": 3, "bbox.xmin": 50.667221069335938, "bbox.xmax": 50.667312622070312, "bbox.ymin": 53.284431457519531, "bbox.ymax": 53.284488677978516, "theme": "buildings", "type": "building", "xmin": 50.6643816, "ymin": 53.2825064, "xmax": 50.6711443, "ymax": 53.2855954, "source_item.property": "", "source_item.dataset": "Microsoft ML Buildings", "source_item.license": "ODbL-1.0", "source_item.record_id": null, "source_item.update_time": "2016-07-29T00:00:00.000Z", "source_item.confidence": null, "source_item.between": null, "source_type": "ml" }, "geometry": { "type": "Polygon", "coordinates": [ [ [ 50.6672471, 53.2844383 ], [ 50.6673058, 53.2844523 ], [ 50.6672864, 53.2844813 ], [ 50.6672277, 53.2844673 ], [ 50.6672471, 53.2844383 ] ] ] } },
{ "type": "Feature", "properties": { "id": "521f9133-f0e9-4ec5-970e-c03e1e111119", "names.primary": null, "sources": [ { "property": "", "dataset": "Microsoft ML Buildings", "license": "ODbL-1.0", "record_id": null, "update_time": "2016-07-29T00:00:00.000Z", "confidence": null, "between": null } ], "level": null, "height": null, "min_height": null, "is_underground": false, "num_floors": null, "num_floors_underground": null, "min_floor": null, "subtype": null, "class": null, "facade_color": null, "facade_material": null, "roof_material": null, "roof_shape": null, "roof_direction": null, "roof_orientation": null, "roof_color": null, "roof_height": null, "has_parts": false, "version": 3, "bbox.xmin": 50.667270660400391, "bbox.xmax": 50.667385101318359, "bbox.ymin": 53.284381866455078, "bbox.ymax": 53.284446716308594, "theme": "buildings", "type": "building", "xmin": 50.6643816, "ymin": 53.2825064, "xmax": 50.6711443, "ymax": 53.2855954, "source_item.property": "", "source_item.dataset": "Microsoft ML Buildings", "source_item.license": "ODbL-1.0", "source_item.record_id": null, "source_item.update_time": "2016-07-29T00:00:00.000Z", "source_item.confidence": null, "source_item.between": null, "source_type": "ml" }, "geometry": { "type": "Polygon", "coordinates": [ [ [ 50.6672944, 53.2843827 ], [ 50.6673847, 53.2843934 ], [ 50.6673672, 53.2844458 ], [ 50.6672769, 53.2844351 ], [ 50.6672944, 53.2843827 ] ] ] } },
{ "type": "Feature", "properties": { "id": "34270359-57b7-4f0f-ac56-b9d2f7535bc0", "names.primary": null, "sources": [ { "property": "", "dataset": "OpenStreetMap", "license": "ODbL-1.0", "record_id": "w1476555726@2", "update_time": "2026-02-17T15:38:07.000Z", "confidence": null, "between": null } ], "level": null, "height": null, "min_height": null, "is_underground": false, "num_floors": 1, "num_floors_underground": null, "min_floor": null, "subtype": "residential", "class": "house", "facade_color": null, "facade_material": null, "roof_material": null, "roof_shape": null, "roof_direction": null, "roof_orientation": null, "roof_color": null, "roof_height": null, "has_parts": false, "version": 1, "bbox.xmin": 50.667236328125, "bbox.xmax": 50.667373657226562, "bbox.ymin": 53.284236907958984, "bbox.ymax": 53.284317016601562, "theme": "buildings", "type": "building", "xmin": 50.6643816, "ymin": 53.2825064, "xmax": 50.6711443, "ymax": 53.2855954, "source_item.property": "", "source_item.dataset": "OpenStreetMap", "source_item.license": "ODbL-1.0", "source_item.record_id": "w1476555726@2", "source_item.update_time": "2026-02-17T15:38:07.000Z", "source_item.confidence": null, "source_item.between": null, "source_type": "my" }, "geometry": { "type": "Polygon", "coordinates": [ [ [ 50.6673196, 53.2843166 ], [ 50.6672436, 53.2842863 ], [ 50.6672914, 53.2842434 ], [ 50.6673674, 53.2842737 ], [ 50.6673196, 53.2843166 ] ] ] } },
{ "type": "Feature", "properties": { "id": "9071e74a-4780-4e22-add0-bbfb4ce11524", "names.primary": null, "sources": [ { "property": "", "dataset": "OpenStreetMap", "license": "ODbL-1.0", "record_id": "w1476555728@2", "update_time": "2026-02-17T15:38:07.000Z", "confidence": null, "between": null } ], "level": null, "height": null, "min_height": null, "is_underground": false, "num_floors": 1, "num_floors_underground": null, "min_floor": null, "subtype": "residential", "class": "house", "facade_color": null, "facade_material": null, "roof_material": null, "roof_shape": null, "roof_direction": null, "roof_orientation": null, "roof_color": null, "roof_height": null, "has_parts": false, "version": 1, "bbox.xmin": 50.667179107666016, "bbox.xmax": 50.667324066162109, "bbox.ymin": 53.284069061279297, "bbox.ymax": 53.284156799316406, "theme": "buildings", "type": "building", "xmin": 50.6643816, "ymin": 53.2825064, "xmax": 50.6711443, "ymax": 53.2855954, "source_item.property": "", "source_item.dataset": "OpenStreetMap", "source_item.license": "ODbL-1.0", "source_item.record_id": "w1476555728@2", "source_item.update_time": "2026-02-17T15:38:07.000Z", "source_item.confidence": null, "source_item.between": null, "source_type": "my" }, "geometry": { "type": "Polygon", "coordinates": [ [ [ 50.6672732, 53.2841501 ], [ 50.6671867, 53.2841086 ], [ 50.6672307, 53.2840758 ], [ 50.6673172, 53.2841174 ], [ 50.6672732, 53.2841501 ] ] ] } },
{ "type": "Feature", "properties": { "id": "76e3e6a6-7d80-45ce-9c2c-bdf11b976555", "names.primary": null, "sources": [ { "property": "", "dataset": "OpenStreetMap", "license": "ODbL-1.0", "record_id": "w1476555729@2", "update_time": "2026-02-17T15:38:07.000Z", "confidence": null, "between": null } ], "level": null, "height": null, "min_height": null, "is_underground": false, "num_floors": 1, "num_floors_underground": null, "min_floor": null, "subtype": "residential", "class": "house", "facade_color": null, "facade_material": null, "roof_material": null, "roof_shape": null, "roof_direction": null, "roof_orientation": null, "roof_color": null, "roof_height": null, "has_parts": false, "version": 1, "bbox.xmin": 50.666996002197266, "bbox.xmax": 50.667102813720703, "bbox.ymin": 53.284160614013672, "bbox.ymax": 53.284229278564453, "theme": "buildings", "type": "building", "xmin": 50.6643816, "ymin": 53.2825064, "xmax": 50.6711443, "ymax": 53.2855954, "source_item.property": "", "source_item.dataset": "OpenStreetMap", "source_item.license": "ODbL-1.0", "source_item.record_id": "w1476555729@2", "source_item.update_time": "2026-02-17T15:38:07.000Z", "source_item.confidence": null, "source_item.between": null, "source_type": "my" }, "geometry": { "type": "Polygon", "coordinates": [ [ [ 50.6670646, 53.2842292 ], [ 50.6669963, 53.2842029 ], [ 50.6670343, 53.2841677 ], [ 50.6671026, 53.2841939 ], [ 50.6670646, 53.2842292 ] ] ] } },
{ "type": "Feature", "properties": { "id": "244b7cde-b463-449c-91e4-409c84070019", "names.primary": null, "sources": [ { "property": "", "dataset": "OpenStreetMap", "license": "ODbL-1.0", "record_id": "w1476555730@2", "update_time": "2026-02-17T15:38:07.000Z", "confidence": null, "between": null } ], "level": null, "height": null, "min_height": null, "is_underground": false, "num_floors": 1, "num_floors_underground": null, "min_floor": null, "subtype": "residential", "class": "house", "facade_color": null, "facade_material": null, "roof_material": null, "roof_shape": null, "roof_direction": null, "roof_orientation": null, "roof_color": null, "roof_height": null, "has_parts": false, "version": 1, "bbox.xmin": 50.6668701171875, "bbox.xmax": 50.667018890380859, "bbox.ymin": 53.284114837646484, "bbox.ymax": 53.284214019775391, "theme": "buildings", "type": "building", "xmin": 50.6643816, "ymin": 53.2825064, "xmax": 50.6711443, "ymax": 53.2855954, "source_item.property": "", "source_item.dataset": "OpenStreetMap", "source_item.license": "ODbL-1.0", "source_item.record_id": "w1476555730@2", "source_item.update_time": "2026-02-17T15:38:07.000Z", "source_item.confidence": null, "source_item.between": null, "source_type": "my" }, "geometry": { "type": "Polygon", "coordinates": [ [ [ 50.6669461, 53.2842126 ], [ 50.6668777, 53.2841886 ], [ 50.6669498, 53.2841154 ], [ 50.6670182, 53.2841395 ], [ 50.6669461, 53.2842126 ] ] ] } },
{ "type": "Feature", "properties": { "id": "d3dde3cb-604c-4b71-b4fd-c159c5ecf0f4", "names.primary": null, "sources": [ { "property": "", "dataset": "Microsoft ML Buildings", "license": "ODbL-1.0", "record_id": null, "update_time": "2016-07-29T00:00:00.000Z", "confidence": null, "between": null } ], "level": null, "height": null, "min_height": null, "is_underground": false, "num_floors": null, "num_floors_underground": null, "min_floor": null, "subtype": null, "class": null, "facade_color": null, "facade_material": null, "roof_material": null, "roof_shape": null, "roof_direction": null, "roof_orientation": null, "roof_color": null, "roof_height": null, "has_parts": false, "version": 3, "bbox.xmin": 50.666923522949219, "bbox.xmax": 50.666988372802734, "bbox.ymin": 53.283786773681641, "bbox.ymax": 53.283836364746094, "theme": "buildings", "type": "building", "xmin": 50.6643816, "ymin": 53.2825064, "xmax": 50.6711443, "ymax": 53.2855954, "source_item.property": "", "source_item.dataset": "Microsoft ML Buildings", "source_item.license": "ODbL-1.0", "source_item.record_id": null, "source_item.update_time": "2016-07-29T00:00:00.000Z", "source_item.confidence": null, "source_item.between": null, "source_type": "ml" }, "geometry": { "type": "Polygon", "coordinates": [ [ [ 50.6669409, 53.2837941 ], [ 50.6669817, 53.2838009 ], [ 50.666966, 53.2838345 ], [ 50.6669252, 53.2838277 ], [ 50.6669409, 53.2837941 ] ] ] } },
{ "type": "Feature", "properties": { "id": "4db48446-01f7-4a1c-bcf6-0fdcfcd4f26a", "names.primary": null, "sources": [ { "property": "", "dataset": "OpenStreetMap", "license": "ODbL-1.0", "record_id": "w1476555732@2", "update_time": "2026-02-17T15:38:07.000Z", "confidence": null, "between": null } ], "level": null, "height": null, "min_height": null, "is_underground": false, "num_floors": 1, "num_floors_underground": null, "min_floor": null, "subtype": "residential", "class": "house", "facade_color": null, "facade_material": null, "roof_material": null, "roof_shape": null, "roof_direction": null, "roof_orientation": null, "roof_color": null, "roof_height": null, "has_parts": false, "version": 1, "bbox.xmin": 50.666851043701172, "bbox.xmax": 50.666934967041016, "bbox.ymin": 53.283775329589844, "bbox.ymax": 53.283832550048828, "theme": "buildings", "type": "building", "xmin": 50.6643816, "ymin": 53.2825064, "xmax": 50.6711443, "ymax": 53.2855954, "source_item.property": "", "source_item.dataset": "OpenStreetMap", "source_item.license": "ODbL-1.0", "source_item.record_id": "w1476555732@2", "source_item.update_time": "2026-02-17T15:38:07.000Z", "source_item.confidence": null, "source_item.between": null, "source_type": "my" }, "geometry": { "type": "Polygon", "coordinates": [ [ [ 50.6668981, 53.2838263 ], [ 50.6668514, 53.2838065 ], [ 50.6668813, 53.2837814 ], [ 50.666928, 53.2838012 ], [ 50.6668981, 53.2838263 ] ] ] } },
{ "type": "Feature", "properties": { "id": "bda14364-c7e6-4d94-8b63-39faf461122f", "names.primary": null, "sources": [ { "property": "", "dataset": "Microsoft ML Buildings", "license": "ODbL-1.0", "record_id": null, "update_time": "2016-07-29T00:00:00.000Z", "confidence": null, "between": null } ], "level": null, "height": null, "min_height": null, "is_underground": false, "num_floors": null, "num_floors_underground": null, "min_floor": null, "subtype": null, "class": null, "facade_color": null, "facade_material": null, "roof_material": null, "roof_shape": null, "roof_direction": null, "roof_orientation": null, "roof_color": null, "roof_height": null, "has_parts": false, "version": 3, "bbox.xmin": 50.666843414306641, "bbox.xmax": 50.666927337646484, "bbox.ymin": 53.283893585205078, "bbox.ymax": 53.283950805664062, "theme": "buildings", "type": "building", "xmin": 50.6643816, "ymin": 53.2825064, "xmax": 50.6711443, "ymax": 53.2855954, "source_item.property": "", "source_item.dataset": "Microsoft ML Buildings", "source_item.license": "ODbL-1.0", "source_item.record_id": null, "source_item.update_time": "2016-07-29T00:00:00.000Z", "source_item.confidence": null, "source_item.between": null, "source_type": "ml" }, "geometry": { "type": "Polygon", "coordinates": [ [ [ 50.6668665, 53.2838994 ], [ 50.666927, 53.2839267 ], [ 50.666905, 53.2839441 ], [ 50.6668446, 53.2839168 ], [ 50.6668665, 53.2838994 ] ] ] } },
{ "type": "Feature", "properties": { "id": "daeb1c3f-9180-4a04-9003-bc21666971d1", "names.primary": null, "sources": [ { "property": "", "dataset": "Microsoft ML Buildings", "license": "ODbL-1.0", "record_id": null, "update_time": "2016-07-29T00:00:00.000Z", "confidence": null, "between": null } ], "level": null, "height": null, "min_height": null, "is_underground": false, "num_floors": null, "num_floors_underground": null, "min_floor": null, "subtype": null, "class": null, "facade_color": null, "facade_material": null, "roof_material": null, "roof_shape": null, "roof_direction": null, "roof_orientation": null, "roof_color": null, "roof_height": null, "has_parts": false, "version": 3, "bbox.xmin": 50.66656494140625, "bbox.xmax": 50.666694641113281, "bbox.ymin": 53.283782958984375, "bbox.ymax": 53.283851623535156, "theme": "buildings", "type": "building", "xmin": 50.6643816, "ymin": 53.2825064, "xmax": 50.6711443, "ymax": 53.2855954, "source_item.property": "", "source_item.dataset": "Microsoft ML Buildings", "source_item.license": "ODbL-1.0", "source_item.record_id": null, "source_item.update_time": "2016-07-29T00:00:00.000Z", "source_item.confidence": null, "source_item.between": null, "source_type": "ml" }, "geometry": { "type": "Polygon", "coordinates": [ [ [ 50.6666144, 53.2837841 ], [ 50.6666873, 53.2838133 ], [ 50.6666447, 53.2838514 ], [ 50.6665717, 53.2838222 ], [ 50.6666144, 53.2837841 ] ] ] } },
{ "type": "Feature", "properties": { "id": "c9847732-6e07-474b-81cb-0db48e4c24e1", "names.primary": null, "sources": [ { "property": "", "dataset": "Microsoft ML Buildings", "license": "ODbL-1.0", "record_id": null, "update_time": "2016-07-29T00:00:00.000Z", "confidence": null, "between": null } ], "level": null, "height": null, "min_height": null, "is_underground": false, "num_floors": null, "num_floors_underground": null, "min_floor": null, "subtype": null, "class": null, "facade_color": null, "facade_material": null, "roof_material": null, "roof_shape": null, "roof_direction": null, "roof_orientation": null, "roof_color": null, "roof_height": null, "has_parts": false, "version": 3, "bbox.xmin": 50.666572570800781, "bbox.xmax": 50.666660308837891, "bbox.ymin": 53.283645629882812, "bbox.ymax": 53.283706665039062, "theme": "buildings", "type": "building", "xmin": 50.6643816, "ymin": 53.2825064, "xmax": 50.6711443, "ymax": 53.2855954, "source_item.property": "", "source_item.dataset": "Microsoft ML Buildings", "source_item.license": "ODbL-1.0", "source_item.record_id": null, "source_item.update_time": "2016-07-29T00:00:00.000Z", "source_item.confidence": null, "source_item.between": null, "source_type": "ml" }, "geometry": { "type": "Polygon", "coordinates": [ [ [ 50.6666091, 53.2836992 ], [ 50.6665734, 53.2836847 ], [ 50.666617, 53.2836463 ], [ 50.6666527, 53.2836607 ], [ 50.6666091, 53.2836992 ] ] ] } },
{ "type": "Feature", "properties": { "id": "5292d4a8-ad26-4b5c-a992-ce89e605368c", "names.primary": null, "sources": [ { "property": "", "dataset": "Microsoft ML Buildings", "license": "ODbL-1.0", "record_id": null, "update_time": "2016-07-29T00:00:00.000Z", "confidence": null, "between": null } ], "level": null, "height": null, "min_height": null, "is_underground": false, "num_floors": null, "num_floors_underground": null, "min_floor": null, "subtype": null, "class": null, "facade_color": null, "facade_material": null, "roof_material": null, "roof_shape": null, "roof_direction": null, "roof_orientation": null, "roof_color": null, "roof_height": null, "has_parts": false, "version": 3, "bbox.xmin": 50.666965484619141, "bbox.xmax": 50.667064666748047, "bbox.ymin": 53.283878326416016, "bbox.ymax": 53.283935546875, "theme": "buildings", "type": "building", "xmin": 50.6643816, "ymin": 53.2825064, "xmax": 50.6711443, "ymax": 53.2855954, "source_item.property": "", "source_item.dataset": "Microsoft ML Buildings", "source_item.license": "ODbL-1.0", "source_item.record_id": null, "source_item.update_time": "2016-07-29T00:00:00.000Z", "source_item.confidence": null, "source_item.between": null, "source_type": "ml" }, "geometry": { "type": "Polygon", "coordinates": [ [ [ 50.6669659, 53.2839018 ], [ 50.6669911, 53.2838802 ], [ 50.667058, 53.283908 ], [ 50.6670329, 53.2839296 ], [ 50.6669659, 53.2839018 ] ] ] } },
{ "type": "Feature", "properties": { "id": "5a78b942-38ad-49ce-9355-f462fdf5b914", "names.primary": null, "sources": [ { "property": "", "dataset": "OpenStreetMap", "license": "ODbL-1.0", "record_id": "w1475084273@3", "update_time": "2026-02-17T15:38:07.000Z", "confidence": null, "between": null } ], "level": null, "height": null, "min_height": null, "is_underground": false, "num_floors": 1, "num_floors_underground": null, "min_floor": null, "subtype": "residential", "class": "house", "facade_color": null, "facade_material": null, "roof_material": null, "roof_shape": null, "roof_direction": null, "roof_orientation": null, "roof_color": null, "roof_height": null, "has_parts": false, "version": 1, "bbox.xmin": 50.667026519775391, "bbox.xmax": 50.667137145996094, "bbox.ymin": 53.283241271972656, "bbox.ymax": 53.283309936523438, "theme": "buildings", "type": "building", "xmin": 50.6643816, "ymin": 53.2825064, "xmax": 50.6711443, "ymax": 53.2855954, "source_item.property": "", "source_item.dataset": "OpenStreetMap", "source_item.license": "ODbL-1.0", "source_item.record_id": "w1475084273@3", "source_item.update_time": "2026-02-17T15:38:07.000Z", "source_item.confidence": null, "source_item.between": null, "source_type": "my" }, "geometry": { "type": "Polygon", "coordinates": [ [ [ 50.6670883, 53.2833096 ], [ 50.6670335, 53.2832792 ], [ 50.6670808, 53.2832487 ], [ 50.6671356, 53.283279 ], [ 50.6670883, 53.2833096 ] ] ] } },
{ "type": "Feature", "properties": { "id": "95976612-f51b-49bc-8d7e-6c05ea42ee03", "names.primary": null, "sources": [ { "property": "", "dataset": "OpenStreetMap", "license": "ODbL-1.0", "record_id": "w1475084272@3", "update_time": "2026-02-17T15:38:07.000Z", "confidence": null, "between": null } ], "level": null, "height": null, "min_height": null, "is_underground": false, "num_floors": 1, "num_floors_underground": null, "min_floor": null, "subtype": "residential", "class": "house", "facade_color": null, "facade_material": null, "roof_material": null, "roof_shape": null, "roof_direction": null, "roof_orientation": null, "roof_color": null, "roof_height": null, "has_parts": false, "version": 1, "bbox.xmin": 50.667362213134766, "bbox.xmax": 50.667465209960938, "bbox.ymin": 53.283351898193359, "bbox.ymax": 53.283416748046875, "theme": "buildings", "type": "building", "xmin": 50.6643816, "ymin": 53.2825064, "xmax": 50.6711443, "ymax": 53.2855954, "source_item.property": "", "source_item.dataset": "OpenStreetMap", "source_item.license": "ODbL-1.0", "source_item.record_id": "w1475084272@3", "source_item.update_time": "2026-02-17T15:38:07.000Z", "source_item.confidence": null, "source_item.between": null, "source_type": "my" }, "geometry": { "type": "Polygon", "coordinates": [ [ [ 50.6674231, 53.2834108 ], [ 50.6673636, 53.2833913 ], [ 50.6673996, 53.2833521 ], [ 50.6674591, 53.2833717 ], [ 50.6674231, 53.2834108 ] ] ] } },
{ "type": "Feature", "properties": { "id": "923360ab-f33a-4fc0-9500-57186df02f37", "names.primary": null, "sources": [ { "property": "", "dataset": "Microsoft ML Buildings", "license": "ODbL-1.0", "record_id": null, "update_time": "2016-07-29T00:00:00.000Z", "confidence": null, "between": null } ], "level": null, "height": null, "min_height": null, "is_underground": false, "num_floors": null, "num_floors_underground": null, "min_floor": null, "subtype": null, "class": null, "facade_color": null, "facade_material": null, "roof_material": null, "roof_shape": null, "roof_direction": null, "roof_orientation": null, "roof_color": null, "roof_height": null, "has_parts": false, "version": 3, "bbox.xmin": 50.666721343994141, "bbox.xmax": 50.666828155517578, "bbox.ymin": 53.28314208984375, "bbox.ymax": 53.283203125, "theme": "buildings", "type": "building", "xmin": 50.6643816, "ymin": 53.2825064, "xmax": 50.6711443, "ymax": 53.2855954, "source_item.property": "", "source_item.dataset": "Microsoft ML Buildings", "source_item.license": "ODbL-1.0", "source_item.record_id": null, "source_item.update_time": "2016-07-29T00:00:00.000Z", "source_item.confidence": null, "source_item.between": null, "source_type": "ml" }, "geometry": { "type": "Polygon", "coordinates": [ [ [ 50.6667907, 53.283203 ], [ 50.6667282, 53.2831733 ], [ 50.6667595, 53.2831497 ], [ 50.6668221, 53.2831794 ], [ 50.6667907, 53.283203 ] ] ] } },
{ "type": "Feature", "properties": { "id": "56f87bfb-75ff-412b-b933-0e0e384903c8", "names.primary": null, "sources": [ { "property": "", "dataset": "OpenStreetMap", "license": "ODbL-1.0", "record_id": "w1475084274@3", "update_time": "2026-02-17T15:38:07.000Z", "confidence": null, "between": null } ], "level": null, "height": null, "min_height": null, "is_underground": false, "num_floors": 1, "num_floors_underground": null, "min_floor": null, "subtype": "residential", "class": "house", "facade_color": null, "facade_material": null, "roof_material": null, "roof_shape": null, "roof_direction": null, "roof_orientation": null, "roof_color": null, "roof_height": null, "has_parts": false, "version": 1, "bbox.xmin": 50.666645050048828, "bbox.xmax": 50.666744232177734, "bbox.ymin": 53.283145904541016, "bbox.ymax": 53.283214569091797, "theme": "buildings", "type": "building", "xmin": 50.6643816, "ymin": 53.2825064, "xmax": 50.6711443, "ymax": 53.2855954, "source_item.property": "", "source_item.dataset": "OpenStreetMap", "source_item.license": "ODbL-1.0", "source_item.record_id": "w1475084274@3", "source_item.update_time": "2026-02-17T15:38:07.000Z", "source_item.confidence": null, "source_item.between": null, "source_type": "my" }, "geometry": { "type": "Polygon", "coordinates": [ [ [ 50.6667371, 53.2831861 ], [ 50.6666893, 53.2832081 ], [ 50.6666458, 53.2831744 ], [ 50.6666937, 53.2831524 ], [ 50.6667371, 53.2831861 ] ] ] } },
{ "type": "Feature", "properties": { "id": "1064b460-f805-4d00-80b1-31a6166924ae", "names.primary": null, "sources": [ { "property": "", "dataset": "Microsoft ML Buildings", "license": "ODbL-1.0", "record_id": null, "update_time": "2016-07-29T00:00:00.000Z", "confidence": null, "between": null } ], "level": null, "height": null, "min_height": null, "is_underground": false, "num_floors": null, "num_floors_underground": null, "min_floor": null, "subtype": null, "class": null, "facade_color": null, "facade_material": null, "roof_material": null, "roof_shape": null, "roof_direction": null, "roof_orientation": null, "roof_color": null, "roof_height": null, "has_parts": false, "version": 3, "bbox.xmin": 50.666824340820312, "bbox.xmax": 50.666904449462891, "bbox.ymin": 53.283466339111328, "bbox.ymax": 53.283523559570312, "theme": "buildings", "type": "building", "xmin": 50.6643816, "ymin": 53.2825064, "xmax": 50.6711443, "ymax": 53.2855954, "source_item.property": "", "source_item.dataset": "Microsoft ML Buildings", "source_item.license": "ODbL-1.0", "source_item.record_id": null, "source_item.update_time": "2016-07-29T00:00:00.000Z", "source_item.confidence": null, "source_item.between": null, "source_type": "ml" }, "geometry": { "type": "Polygon", "coordinates": [ [ [ 50.6668933, 53.2835174 ], [ 50.666825, 53.2835114 ], [ 50.6668347, 53.2834721 ], [ 50.6669029, 53.2834781 ], [ 50.6668933, 53.2835174 ] ] ] } },
{ "type": "Feature", "properties": { "id": "1e037b62-946a-453e-9713-4931fd3c0121", "names.primary": null, "sources": [ { "property": "", "dataset": "Microsoft ML Buildings", "license": "ODbL-1.0", "record_id": null, "update_time": "2016-07-29T00:00:00.000Z", "confidence": null, "between": null } ], "level": null, "height": null, "min_height": null, "is_underground": false, "num_floors": null, "num_floors_underground": null, "min_floor": null, "subtype": null, "class": null, "facade_color": null, "facade_material": null, "roof_material": null, "roof_shape": null, "roof_direction": null, "roof_orientation": null, "roof_color": null, "roof_height": null, "has_parts": false, "version": 3, "bbox.xmin": 50.665988922119141, "bbox.xmax": 50.666080474853516, "bbox.ymin": 53.283504486083984, "bbox.ymax": 53.283550262451172, "theme": "buildings", "type": "building", "xmin": 50.6643816, "ymin": 53.2825064, "xmax": 50.6711443, "ymax": 53.2855954, "source_item.property": "", "source_item.dataset": "Microsoft ML Buildings", "source_item.license": "ODbL-1.0", "source_item.record_id": null, "source_item.update_time": "2016-07-29T00:00:00.000Z", "source_item.confidence": null, "source_item.between": null, "source_type": "ml" }, "geometry": { "type": "Polygon", "coordinates": [ [ [ 50.666052, 53.2835498 ], [ 50.6659896, 53.2835297 ], [ 50.666012, 53.2835049 ], [ 50.6660744, 53.2835249 ], [ 50.666052, 53.2835498 ] ] ] } },
{ "type": "Feature", "properties": { "id": "8be3c467-1693-42cd-84db-865004585c81", "names.primary": null, "sources": [ { "property": "", "dataset": "Microsoft ML Buildings", "license": "ODbL-1.0", "record_id": null, "update_time": "2016-07-29T00:00:00.000Z", "confidence": null, "between": null } ], "level": null, "height": null, "min_height": null, "is_underground": false, "num_floors": null, "num_floors_underground": null, "min_floor": null, "subtype": null, "class": null, "facade_color": null, "facade_material": null, "roof_material": null, "roof_shape": null, "roof_direction": null, "roof_orientation": null, "roof_color": null, "roof_height": null, "has_parts": false, "version": 3, "bbox.xmin": 50.665916442871094, "bbox.xmax": 50.666053771972656, "bbox.ymin": 53.283531188964844, "bbox.ymax": 53.283607482910156, "theme": "buildings", "type": "building", "xmin": 50.6643816, "ymin": 53.2825064, "xmax": 50.6711443, "ymax": 53.2855954, "source_item.property": "", "source_item.dataset": "Microsoft ML Buildings", "source_item.license": "ODbL-1.0", "source_item.record_id": null, "source_item.update_time": "2016-07-29T00:00:00.000Z", "source_item.confidence": null, "source_item.between": null, "source_type": "ml" }, "geometry": { "type": "Polygon", "coordinates": [ [ [ 50.666006, 53.2836065 ], [ 50.665917, 53.2835639 ], [ 50.6659588, 53.2835326 ], [ 50.6660479, 53.2835752 ], [ 50.666006, 53.2836065 ] ] ] } },
{ "type": "Feature", "properties": { "id": "97cf3080-897c-40b9-8fee-4537ee1e1957", "names.primary": null, "sources": [ { "property": "", "dataset": "Microsoft ML Buildings", "license": "ODbL-1.0", "record_id": null, "update_time": "2016-07-29T00:00:00.000Z", "confidence": null, "between": null } ], "level": null, "height": null, "min_height": null, "is_underground": false, "num_floors": null, "num_floors_underground": null, "min_floor": null, "subtype": null, "class": null, "facade_color": null, "facade_material": null, "roof_material": null, "roof_shape": null, "roof_direction": null, "roof_orientation": null, "roof_color": null, "roof_height": null, "has_parts": false, "version": 3, "bbox.xmin": 50.665847778320312, "bbox.xmax": 50.665931701660156, "bbox.ymin": 53.283489227294922, "bbox.ymax": 53.283538818359375, "theme": "buildings", "type": "building", "xmin": 50.6643816, "ymin": 53.2825064, "xmax": 50.6711443, "ymax": 53.2855954, "source_item.property": "", "source_item.dataset": "Microsoft ML Buildings", "source_item.license": "ODbL-1.0", "source_item.record_id": null, "source_item.update_time": "2016-07-29T00:00:00.000Z", "source_item.confidence": null, "source_item.between": null, "source_type": "ml" }, "geometry": { "type": "Polygon", "coordinates": [ [ [ 50.6658566, 53.2835313 ], [ 50.6658536, 53.2834929 ], [ 50.6659274, 53.2834908 ], [ 50.6659305, 53.2835292 ], [ 50.6658566, 53.2835313 ] ] ] } },
{ "type": "Feature", "properties": { "id": "7ca3ca8e-3a72-4694-9c91-30466f5af785", "names.primary": null, "sources": [ { "property": "", "dataset": "Microsoft ML Buildings", "license": "ODbL-1.0", "record_id": null, "update_time": "2016-07-29T00:00:00.000Z", "confidence": null, "between": null } ], "level": null, "height": null, "min_height": null, "is_underground": false, "num_floors": null, "num_floors_underground": null, "min_floor": null, "subtype": null, "class": null, "facade_color": null, "facade_material": null, "roof_material": null, "roof_shape": null, "roof_direction": null, "roof_orientation": null, "roof_color": null, "roof_height": null, "has_parts": false, "version": 3, "bbox.xmin": 50.665748596191406, "bbox.xmax": 50.665851593017578, "bbox.ymin": 53.283424377441406, "bbox.ymax": 53.283493041992188, "theme": "buildings", "type": "building", "xmin": 50.6643816, "ymin": 53.2825064, "xmax": 50.6711443, "ymax": 53.2855954, "source_item.property": "", "source_item.dataset": "Microsoft ML Buildings", "source_item.license": "ODbL-1.0", "source_item.record_id": null, "source_item.update_time": "2016-07-29T00:00:00.000Z", "source_item.confidence": null, "source_item.between": null, "source_type": "ml" }, "geometry": { "type": "Polygon", "coordinates": [ [ [ 50.665788, 53.2834304 ], [ 50.6658456, 53.283454 ], [ 50.6658081, 53.2834867 ], [ 50.6657504, 53.2834631 ], [ 50.665788, 53.2834304 ] ] ] } },
{ "type": "Feature", "properties": { "id": "efa430fa-2b7d-40f2-8fc2-9dcfc6c96db5", "names.primary": null, "sources": [ { "property": "", "dataset": "Microsoft ML Buildings", "license": "ODbL-1.0", "record_id": null, "update_time": "2016-07-29T00:00:00.000Z", "confidence": null, "between": null } ], "level": null, "height": null, "min_height": null, "is_underground": false, "num_floors": null, "num_floors_underground": null, "min_floor": null, "subtype": null, "class": null, "facade_color": null, "facade_material": null, "roof_material": null, "roof_shape": null, "roof_direction": null, "roof_orientation": null, "roof_color": null, "roof_height": null, "has_parts": false, "version": 3, "bbox.xmin": 50.665771484375, "bbox.xmax": 50.665855407714844, "bbox.ymin": 53.283329010009766, "bbox.ymax": 53.283382415771484, "theme": "buildings", "type": "building", "xmin": 50.6643816, "ymin": 53.2825064, "xmax": 50.6711443, "ymax": 53.2855954, "source_item.property": "", "source_item.dataset": "Microsoft ML Buildings", "source_item.license": "ODbL-1.0", "source_item.record_id": null, "source_item.update_time": "2016-07-29T00:00:00.000Z", "source_item.confidence": null, "source_item.between": null, "source_type": "ml" }, "geometry": { "type": "Polygon", "coordinates": [ [ [ 50.6658191, 53.283376 ], [ 50.6657727, 53.2833587 ], [ 50.6658021, 53.2833304 ], [ 50.6658485, 53.2833477 ], [ 50.6658191, 53.283376 ] ] ] } },
{ "type": "Feature", "properties": { "id": "dfbd2cae-a40f-4990-816b-229fae314084", "names.primary": null, "sources": [ { "property": "", "dataset": "Microsoft ML Buildings", "license": "ODbL-1.0", "record_id": null, "update_time": "2016-07-29T00:00:00.000Z", "confidence": null, "between": null } ], "level": null, "height": null, "min_height": null, "is_underground": false, "num_floors": null, "num_floors_underground": null, "min_floor": null, "subtype": null, "class": null, "facade_color": null, "facade_material": null, "roof_material": null, "roof_shape": null, "roof_direction": null, "roof_orientation": null, "roof_color": null, "roof_height": null, "has_parts": false, "version": 3, "bbox.xmin": 50.665939331054688, "bbox.xmax": 50.666065216064453, "bbox.ymin": 53.283355712890625, "bbox.ymax": 53.283435821533203, "theme": "buildings", "type": "building", "xmin": 50.6643816, "ymin": 53.2825064, "xmax": 50.6711443, "ymax": 53.2855954, "source_item.property": "", "source_item.dataset": "Microsoft ML Buildings", "source_item.license": "ODbL-1.0", "source_item.record_id": null, "source_item.update_time": "2016-07-29T00:00:00.000Z", "source_item.confidence": null, "source_item.between": null, "source_type": "ml" }, "geometry": { "type": "Polygon", "coordinates": [ [ [ 50.6659404, 53.2833951 ], [ 50.6659737, 53.2833624 ], [ 50.6660648, 53.2833956 ], [ 50.6660314, 53.2834283 ], [ 50.6659404, 53.2833951 ] ] ] } },
{ "type": "Feature", "properties": { "id": "69fe2aaf-b7d5-49a0-9429-c23f68b0b718", "names.primary": null, "sources": [ { "property": "", "dataset": "Microsoft ML Buildings", "license": "ODbL-1.0", "record_id": null, "update_time": "2016-07-29T00:00:00.000Z", "confidence": null, "between": null } ], "level": null, "height": null, "min_height": null, "is_underground": false, "num_floors": null, "num_floors_underground": null, "min_floor": null, "subtype": null, "class": null, "facade_color": null, "facade_material": null, "roof_material": null, "roof_shape": null, "roof_direction": null, "roof_orientation": null, "roof_color": null, "roof_height": null, "has_parts": false, "version": 3, "bbox.xmin": 50.666030883789062, "bbox.xmax": 50.666168212890625, "bbox.ymin": 53.283306121826172, "bbox.ymax": 53.283405303955078, "theme": "buildings", "type": "building", "xmin": 50.6643816, "ymin": 53.2825064, "xmax": 50.6711443, "ymax": 53.2855954, "source_item.property": "", "source_item.dataset": "Microsoft ML Buildings", "source_item.license": "ODbL-1.0", "source_item.record_id": null, "source_item.update_time": "2016-07-29T00:00:00.000Z", "source_item.confidence": null, "source_item.between": null, "source_type": "ml" }, "geometry": { "type": "Polygon", "coordinates": [ [ [ 50.6660947, 53.2833995 ], [ 50.6660311, 53.2833784 ], [ 50.666097, 53.2833073 ], [ 50.6661606, 53.2833284 ], [ 50.6660947, 53.2833995 ] ] ] } },
{ "type": "Feature", "properties": { "id": "d319ba75-2b8d-4a64-a151-722c78267076", "names.primary": null, "sources": [ { "property": "", "dataset": "Microsoft ML Buildings", "license": "ODbL-1.0", "record_id": null, "update_time": "2016-07-29T00:00:00.000Z", "confidence": null, "between": null } ], "level": null, "height": null, "min_height": null, "is_underground": false, "num_floors": null, "num_floors_underground": null, "min_floor": null, "subtype": null, "class": null, "facade_color": null, "facade_material": null, "roof_material": null, "roof_shape": null, "roof_direction": null, "roof_orientation": null, "roof_color": null, "roof_height": null, "has_parts": false, "version": 3, "bbox.xmin": 50.666149139404297, "bbox.xmax": 50.666305541992188, "bbox.ymin": 53.282833099365234, "bbox.ymax": 53.282936096191406, "theme": "buildings", "type": "building", "xmin": 50.6643816, "ymin": 53.2825064, "xmax": 50.6711443, "ymax": 53.2855954, "source_item.property": "", "source_item.dataset": "Microsoft ML Buildings", "source_item.license": "ODbL-1.0", "source_item.record_id": null, "source_item.update_time": "2016-07-29T00:00:00.000Z", "source_item.confidence": null, "source_item.between": null, "source_type": "ml" }, "geometry": { "type": "Polygon", "coordinates": [ [ [ 50.6662079, 53.2828401 ], [ 50.6663053, 53.2828717 ], [ 50.6662536, 53.2829287 ], [ 50.6661562, 53.2828971 ], [ 50.6662079, 53.2828401 ] ] ] } },
{ "type": "Feature", "properties": { "id": "a27a3ec3-e1db-4479-b8fc-2ca49e9b68c6", "names.primary": null, "sources": [ { "property": "", "dataset": "Microsoft ML Buildings", "license": "ODbL-1.0", "record_id": null, "update_time": "2016-07-29T00:00:00.000Z", "confidence": null, "between": null } ], "level": null, "height": null, "min_height": null, "is_underground": false, "num_floors": null, "num_floors_underground": null, "min_floor": null, "subtype": null, "class": null, "facade_color": null, "facade_material": null, "roof_material": null, "roof_shape": null, "roof_direction": null, "roof_orientation": null, "roof_color": null, "roof_height": null, "has_parts": false, "version": 3, "bbox.xmin": 50.666240692138672, "bbox.xmax": 50.666347503662109, "bbox.ymin": 53.283180236816406, "bbox.ymax": 53.28326416015625, "theme": "buildings", "type": "building", "xmin": 50.6643816, "ymin": 53.2825064, "xmax": 50.6711443, "ymax": 53.2855954, "source_item.property": "", "source_item.dataset": "Microsoft ML Buildings", "source_item.license": "ODbL-1.0", "source_item.record_id": null, "source_item.update_time": "2016-07-29T00:00:00.000Z", "source_item.confidence": null, "source_item.between": null, "source_type": "ml" }, "geometry": { "type": "Polygon", "coordinates": [ [ [ 50.666291, 53.2831869 ], [ 50.6663416, 53.2832011 ], [ 50.6662928, 53.2832635 ], [ 50.6662422, 53.2832493 ], [ 50.666291, 53.2831869 ] ] ] } },
{ "type": "Feature", "properties": { "id": "28a704a4-9fba-4f2b-a537-63149bd1689e", "names.primary": null, "sources": [ { "property": "", "dataset": "Microsoft ML Buildings", "license": "ODbL-1.0", "record_id": null, "update_time": "2016-07-29T00:00:00.000Z", "confidence": null, "between": null } ], "level": null, "height": null, "min_height": null, "is_underground": false, "num_floors": null, "num_floors_underground": null, "min_floor": null, "subtype": null, "class": null, "facade_color": null, "facade_material": null, "roof_material": null, "roof_shape": null, "roof_direction": null, "roof_orientation": null, "roof_color": null, "roof_height": null, "has_parts": false, "version": 3, "bbox.xmin": 50.666263580322266, "bbox.xmax": 50.666389465332031, "bbox.ymin": 53.283065795898438, "bbox.ymax": 53.283134460449219, "theme": "buildings", "type": "building", "xmin": 50.6643816, "ymin": 53.2825064, "xmax": 50.6711443, "ymax": 53.2855954, "source_item.property": "", "source_item.dataset": "Microsoft ML Buildings", "source_item.license": "ODbL-1.0", "source_item.record_id": null, "source_item.update_time": "2016-07-29T00:00:00.000Z", "source_item.confidence": null, "source_item.between": null, "source_type": "ml" }, "geometry": { "type": "Polygon", "coordinates": [ [ [ 50.6663567, 53.2831335 ], [ 50.6662636, 53.2830959 ], [ 50.6662892, 53.2830732 ], [ 50.6663823, 53.2831108 ], [ 50.6663567, 53.2831335 ] ] ] } },
{ "type": "Feature", "properties": { "id": "7e2c5058-6bb3-4ec2-8ef7-0f17ecbe3825", "names.primary": null, "sources": [ { "property": "", "dataset": "Microsoft ML Buildings", "license": "ODbL-1.0", "record_id": null, "update_time": "2016-07-29T00:00:00.000Z", "confidence": null, "between": null } ], "level": null, "height": null, "min_height": null, "is_underground": false, "num_floors": null, "num_floors_underground": null, "min_floor": null, "subtype": null, "class": null, "facade_color": null, "facade_material": null, "roof_material": null, "roof_shape": null, "roof_direction": null, "roof_orientation": null, "roof_color": null, "roof_height": null, "has_parts": false, "version": 3, "bbox.xmin": 50.665828704833984, "bbox.xmax": 50.666091918945312, "bbox.ymin": 53.282688140869141, "bbox.ymax": 53.282817840576172, "theme": "buildings", "type": "building", "xmin": 50.6643816, "ymin": 53.2825064, "xmax": 50.6711443, "ymax": 53.2855954, "source_item.property": "", "source_item.dataset": "Microsoft ML Buildings", "source_item.license": "ODbL-1.0", "source_item.record_id": null, "source_item.update_time": "2016-07-29T00:00:00.000Z", "source_item.confidence": null, "source_item.between": null, "source_type": "ml" }, "geometry": { "type": "Polygon", "coordinates": [ [ [ 50.6658878, 53.2826939 ], [ 50.6660905, 53.2827469 ], [ 50.6660388, 53.2828177 ], [ 50.6658361, 53.2827647 ], [ 50.6658878, 53.2826939 ] ] ] } },
{ "type": "Feature", "properties": { "id": "6896a9f6-c23c-49c1-ac61-ca4a50ed7d26", "names.primary": null, "sources": [ { "property": "", "dataset": "Microsoft ML Buildings", "license": "ODbL-1.0", "record_id": null, "update_time": "2016-07-29T00:00:00.000Z", "confidence": null, "between": null } ], "level": null, "height": null, "min_height": null, "is_underground": false, "num_floors": null, "num_floors_underground": null, "min_floor": null, "subtype": null, "class": null, "facade_color": null, "facade_material": null, "roof_material": null, "roof_shape": null, "roof_direction": null, "roof_orientation": null, "roof_color": null, "roof_height": null, "has_parts": false, "version": 3, "bbox.xmin": 50.66571044921875, "bbox.xmax": 50.665916442871094, "bbox.ymin": 53.282600402832031, "bbox.ymax": 53.282722473144531, "theme": "buildings", "type": "building", "xmin": 50.6643816, "ymin": 53.2825064, "xmax": 50.6711443, "ymax": 53.2855954, "source_item.property": "", "source_item.dataset": "Microsoft ML Buildings", "source_item.license": "ODbL-1.0", "source_item.record_id": null, "source_item.update_time": "2016-07-29T00:00:00.000Z", "source_item.confidence": null, "source_item.between": null, "source_type": "ml" }, "geometry": { "type": "Polygon", "coordinates": [ [ [ 50.6658679, 53.2827151 ], [ 50.6657122, 53.2826766 ], [ 50.66576, 53.2826075 ], [ 50.6659157, 53.2826461 ], [ 50.6658679, 53.2827151 ] ] ] } },
{ "type": "Feature", "properties": { "id": "b0f65df5-134e-41fb-9c3b-6f8df3712fe4", "names.primary": null, "sources": [ { "property": "", "dataset": "Microsoft ML Buildings", "license": "ODbL-1.0", "record_id": null, "update_time": "2016-07-29T00:00:00.000Z", "confidence": null, "between": null } ], "level": null, "height": null, "min_height": null, "is_underground": false, "num_floors": null, "num_floors_underground": null, "min_floor": null, "subtype": null, "class": null, "facade_color": null, "facade_material": null, "roof_material": null, "roof_shape": null, "roof_direction": null, "roof_orientation": null, "roof_color": null, "roof_height": null, "has_parts": false, "version": 3, "bbox.xmin": 50.66656494140625, "bbox.xmax": 50.666641235351562, "bbox.ymin": 53.282566070556641, "bbox.ymax": 53.282630920410156, "theme": "buildings", "type": "building", "xmin": 50.6643816, "ymin": 53.2825064, "xmax": 50.6711443, "ymax": 53.2855954, "source_item.property": "", "source_item.dataset": "Microsoft ML Buildings", "source_item.license": "ODbL-1.0", "source_item.record_id": null, "source_item.update_time": "2016-07-29T00:00:00.000Z", "source_item.confidence": null, "source_item.between": null, "source_type": "ml" }, "geometry": { "type": "Polygon", "coordinates": [ [ [ 50.6666047, 53.2826247 ], [ 50.6665707, 53.2826143 ], [ 50.6666054, 53.2825736 ], [ 50.6666395, 53.282584 ], [ 50.6666047, 53.2826247 ] ] ] } },
{ "type": "Feature", "properties": { "id": "7b90235d-fe6d-4013-85a6-6ae3ad9c92e3", "names.primary": null, "sources": [ { "property": "", "dataset": "OpenStreetMap", "license": "ODbL-1.0", "record_id": "w1475084275@3", "update_time": "2026-02-17T15:38:07.000Z", "confidence": null, "between": null } ], "level": null, "height": null, "min_height": null, "is_underground": false, "num_floors": 2, "num_floors_underground": null, "min_floor": null, "subtype": "residential", "class": "house", "facade_color": null, "facade_material": null, "roof_material": null, "roof_shape": null, "roof_direction": null, "roof_orientation": null, "roof_color": null, "roof_height": null, "has_parts": false, "version": 1, "bbox.xmin": 50.670936584472656, "bbox.xmax": 50.671150207519531, "bbox.ymin": 53.284564971923828, "bbox.ymax": 53.284709930419922, "theme": "buildings", "type": "building", "xmin": 50.6643816, "ymin": 53.2825064, "xmax": 50.6711443, "ymax": 53.2855954, "source_item.property": "", "source_item.dataset": "OpenStreetMap", "source_item.license": "ODbL-1.0", "source_item.record_id": "w1475084275@3", "source_item.update_time": "2026-02-17T15:38:07.000Z", "source_item.confidence": null, "source_item.between": null, "source_type": "my" }, "geometry": { "type": "Polygon", "coordinates": [ [ [ 50.6710804, 53.2846394 ], [ 50.6711443, 53.2846622 ], [ 50.6711039, 53.2847026 ], [ 50.670944, 53.2846456 ], [ 50.6710181, 53.2845713 ], [ 50.6711142, 53.2846056 ], [ 50.6710804, 53.2846394 ] ] ] } },
{ "type": "Feature", "properties": { "id": "14c5f195-24ba-4756-a084-358485f28648", "names.primary": null, "sources": [ { "property": "", "dataset": "OpenStreetMap", "license": "ODbL-1.0", "record_id": "w1475084258@3", "update_time": "2026-02-17T15:38:07.000Z", "confidence": null, "between": null } ], "level": null, "height": null, "min_height": null, "is_underground": false, "num_floors": 2, "num_floors_underground": null, "min_floor": null, "subtype": "residential", "class": "house", "facade_color": null, "facade_material": null, "roof_material": null, "roof_shape": null, "roof_direction": null, "roof_orientation": null, "roof_color": null, "roof_height": null, "has_parts": false, "version": 1, "bbox.xmin": 50.670417785644531, "bbox.xmax": 50.670627593994141, "bbox.ymin": 53.285007476806641, "bbox.ymax": 53.285125732421875, "theme": "buildings", "type": "building", "xmin": 50.6643816, "ymin": 53.2825064, "xmax": 50.6711443, "ymax": 53.2855954, "source_item.property": "", "source_item.dataset": "OpenStreetMap", "source_item.license": "ODbL-1.0", "source_item.record_id": "w1475084258@3", "source_item.update_time": "2026-02-17T15:38:07.000Z", "source_item.confidence": null, "source_item.between": null, "source_type": "my" }, "geometry": { "type": "Polygon", "coordinates": [ [ [ 50.6704239, 53.2850802 ], [ 50.6704798, 53.2850148 ], [ 50.6706267, 53.2850597 ], [ 50.6705708, 53.2851251 ], [ 50.6704239, 53.2850802 ] ] ] } },
{ "type": "Feature", "properties": { "id": "1175115c-d36d-4c45-be47-1eaa23d6fbea", "names.primary": null, "sources": [ { "property": "", "dataset": "Microsoft ML Buildings", "license": "ODbL-1.0", "record_id": null, "update_time": "2016-07-29T00:00:00.000Z", "confidence": null, "between": null } ], "level": null, "height": null, "min_height": null, "is_underground": false, "num_floors": null, "num_floors_underground": null, "min_floor": null, "subtype": null, "class": null, "facade_color": null, "facade_material": null, "roof_material": null, "roof_shape": null, "roof_direction": null, "roof_orientation": null, "roof_color": null, "roof_height": null, "has_parts": false, "version": 3, "bbox.xmin": 50.670322418212891, "bbox.xmax": 50.670413970947266, "bbox.ymin": 53.284820556640625, "bbox.ymax": 53.284885406494141, "theme": "buildings", "type": "building", "xmin": 50.6643816, "ymin": 53.2825064, "xmax": 50.6711443, "ymax": 53.2855954, "source_item.property": "", "source_item.dataset": "Microsoft ML Buildings", "source_item.license": "ODbL-1.0", "source_item.record_id": null, "source_item.update_time": "2016-07-29T00:00:00.000Z", "source_item.confidence": null, "source_item.between": null, "source_type": "ml" }, "geometry": { "type": "Polygon", "coordinates": [ [ [ 50.6703792, 53.2848264 ], [ 50.6704134, 53.2848718 ], [ 50.6703629, 53.2848853 ], [ 50.6703287, 53.28484 ], [ 50.6703792, 53.2848264 ] ] ] } },
{ "type": "Feature", "properties": { "id": "d4ea3493-b716-49e8-a5c3-c22c11b9fc82", "names.primary": null, "sources": [ { "property": "", "dataset": "Microsoft ML Buildings", "license": "ODbL-1.0", "record_id": null, "update_time": "2016-07-29T00:00:00.000Z", "confidence": null, "between": null } ], "level": null, "height": null, "min_height": null, "is_underground": false, "num_floors": null, "num_floors_underground": null, "min_floor": null, "subtype": null, "class": null, "facade_color": null, "facade_material": null, "roof_material": null, "roof_shape": null, "roof_direction": null, "roof_orientation": null, "roof_color": null, "roof_height": null, "has_parts": false, "version": 3, "bbox.xmin": 50.670383453369141, "bbox.xmax": 50.670520782470703, "bbox.ymin": 53.284725189208984, "bbox.ymax": 53.284801483154297, "theme": "buildings", "type": "building", "xmin": 50.6643816, "ymin": 53.2825064, "xmax": 50.6711443, "ymax": 53.2855954, "source_item.property": "", "source_item.dataset": "Microsoft ML Buildings", "source_item.license": "ODbL-1.0", "source_item.record_id": null, "source_item.update_time": "2016-07-29T00:00:00.000Z", "source_item.confidence": null, "source_item.between": null, "source_type": "ml" }, "geometry": { "type": "Polygon", "coordinates": [ [ [ 50.67039, 53.2847665 ], [ 50.6704276, 53.284732 ], [ 50.6705135, 53.2847655 ], [ 50.670476, 53.2847999 ], [ 50.67039, 53.2847665 ] ] ] } },
{ "type": "Feature", "properties": { "id": "45be28f4-a566-4b40-887d-6e58cb7fd908", "names.primary": null, "sources": [ { "property": "", "dataset": "Microsoft ML Buildings", "license": "ODbL-1.0", "record_id": null, "update_time": "2016-07-29T00:00:00.000Z", "confidence": null, "between": null } ], "level": null, "height": null, "min_height": null, "is_underground": false, "num_floors": null, "num_floors_underground": null, "min_floor": null, "subtype": null, "class": null, "facade_color": null, "facade_material": null, "roof_material": null, "roof_shape": null, "roof_direction": null, "roof_orientation": null, "roof_color": null, "roof_height": null, "has_parts": false, "version": 3, "bbox.xmin": 50.670455932617188, "bbox.xmax": 50.670570373535156, "bbox.ymin": 53.284637451171875, "bbox.ymax": 53.284694671630859, "theme": "buildings", "type": "building", "xmin": 50.6643816, "ymin": 53.2825064, "xmax": 50.6711443, "ymax": 53.2855954, "source_item.property": "", "source_item.dataset": "Microsoft ML Buildings", "source_item.license": "ODbL-1.0", "source_item.record_id": null, "source_item.update_time": "2016-07-29T00:00:00.000Z", "source_item.confidence": null, "source_item.between": null, "source_type": "ml" }, "geometry": { "type": "Polygon", "coordinates": [ [ [ 50.6705445, 53.2846946 ], [ 50.6704626, 53.2846759 ], [ 50.6704867, 53.2846381 ], [ 50.6705686, 53.2846568 ], [ 50.6705445, 53.2846946 ] ] ] } },
{ "type": "Feature", "properties": { "id": "8dbd3aae-9094-4613-8c3c-615ae44e012e", "names.primary": null, "sources": [ { "property": "", "dataset": "Microsoft ML Buildings", "license": "ODbL-1.0", "record_id": null, "update_time": "2016-07-29T00:00:00.000Z", "confidence": null, "between": null } ], "level": null, "height": null, "min_height": null, "is_underground": false, "num_floors": null, "num_floors_underground": null, "min_floor": null, "subtype": null, "class": null, "facade_color": null, "facade_material": null, "roof_material": null, "roof_shape": null, "roof_direction": null, "roof_orientation": null, "roof_color": null, "roof_height": null, "has_parts": false, "version": 3, "bbox.xmin": 50.670257568359375, "bbox.xmax": 50.670341491699219, "bbox.ymin": 53.284561157226562, "bbox.ymax": 53.284618377685547, "theme": "buildings", "type": "building", "xmin": 50.6643816, "ymin": 53.2825064, "xmax": 50.6711443, "ymax": 53.2855954, "source_item.property": "", "source_item.dataset": "Microsoft ML Buildings", "source_item.license": "ODbL-1.0", "source_item.record_id": null, "source_item.update_time": "2016-07-29T00:00:00.000Z", "source_item.confidence": null, "source_item.between": null, "source_type": "ml" }, "geometry": { "type": "Polygon", "coordinates": [ [ [ 50.6703105, 53.2846123 ], [ 50.6702635, 53.2845862 ], [ 50.6702935, 53.284567 ], [ 50.6703404, 53.2845931 ], [ 50.6703105, 53.2846123 ] ] ] } },
{ "type": "Feature", "properties": { "id": "ea89076a-6f41-480b-85f1-2081a4cda826", "names.primary": null, "sources": [ { "property": "", "dataset": "OpenStreetMap", "license": "ODbL-1.0", "record_id": "w1475084255@3", "update_time": "2026-02-18T07:18:46.000Z", "confidence": null, "between": null } ], "level": null, "height": null, "min_height": null, "is_underground": false, "num_floors": 1, "num_floors_underground": null, "min_floor": null, "subtype": "residential", "class": "house", "facade_color": null, "facade_material": null, "roof_material": null, "roof_shape": null, "roof_direction": null, "roof_orientation": null, "roof_color": null, "roof_height": null, "has_parts": false, "version": 1, "bbox.xmin": 50.670074462890625, "bbox.xmax": 50.67022705078125, "bbox.ymin": 53.284603118896484, "bbox.ymax": 53.284709930419922, "theme": "buildings", "type": "building", "xmin": 50.6643816, "ymin": 53.2825064, "xmax": 50.6711443, "ymax": 53.2855954, "source_item.property": "", "source_item.dataset": "OpenStreetMap", "source_item.license": "ODbL-1.0", "source_item.record_id": "w1475084255@3", "source_item.update_time": "2026-02-18T07:18:46.000Z", "source_item.confidence": null, "source_item.between": null, "source_type": "my" }, "geometry": { "type": "Polygon", "coordinates": [ [ [ 50.6701408, 53.2847027 ], [ 50.6700758, 53.2846699 ], [ 50.6701615, 53.2846093 ], [ 50.6702265, 53.2846421 ], [ 50.6701408, 53.2847027 ] ] ] } },
{ "type": "Feature", "properties": { "id": "1dd4465a-82dd-4938-a60f-818f338362bb", "names.primary": null, "sources": [ { "property": "", "dataset": "Microsoft ML Buildings", "license": "ODbL-1.0", "record_id": null, "update_time": "2016-07-29T00:00:00.000Z", "confidence": null, "between": null } ], "level": null, "height": null, "min_height": null, "is_underground": false, "num_floors": null, "num_floors_underground": null, "min_floor": null, "subtype": null, "class": null, "facade_color": null, "facade_material": null, "roof_material": null, "roof_shape": null, "roof_direction": null, "roof_orientation": null, "roof_color": null, "roof_height": null, "has_parts": false, "version": 3, "bbox.xmin": 50.670192718505859, "bbox.xmax": 50.670341491699219, "bbox.ymin": 53.284481048583984, "bbox.ymax": 53.284580230712891, "theme": "buildings", "type": "building", "xmin": 50.6643816, "ymin": 53.2825064, "xmax": 50.6711443, "ymax": 53.2855954, "source_item.property": "", "source_item.dataset": "Microsoft ML Buildings", "source_item.license": "ODbL-1.0", "source_item.record_id": null, "source_item.update_time": "2016-07-29T00:00:00.000Z", "source_item.confidence": null, "source_item.between": null, "source_type": "ml" }, "geometry": { "type": "Polygon", "coordinates": [ [ [ 50.6702491, 53.2844876 ], [ 50.67034, 53.2845222 ], [ 50.6702853, 53.2845736 ], [ 50.6701944, 53.284539 ], [ 50.6702491, 53.2844876 ] ] ] } },
{ "type": "Feature", "properties": { "id": "c52fa3a3-03a2-4640-9742-bc530d9a1596", "names.primary": null, "sources": [ { "property": "", "dataset": "OpenStreetMap", "license": "ODbL-1.0", "record_id": "w1475084256@3", "update_time": "2026-02-18T07:18:46.000Z", "confidence": null, "between": null } ], "level": null, "height": null, "min_height": null, "is_underground": false, "num_floors": 1, "num_floors_underground": null, "min_floor": null, "subtype": "residential", "class": "house", "facade_color": null, "facade_material": null, "roof_material": null, "roof_shape": null, "roof_direction": null, "roof_orientation": null, "roof_color": null, "roof_height": null, "has_parts": false, "version": 1, "bbox.xmin": 50.669837951660156, "bbox.xmax": 50.670005798339844, "bbox.ymin": 53.284500122070312, "bbox.ymax": 53.284603118896484, "theme": "buildings", "type": "building", "xmin": 50.6643816, "ymin": 53.2825064, "xmax": 50.6711443, "ymax": 53.2855954, "source_item.property": "", "source_item.dataset": "OpenStreetMap", "source_item.license": "ODbL-1.0", "source_item.record_id": "w1475084256@3", "source_item.update_time": "2026-02-18T07:18:46.000Z", "source_item.confidence": null, "source_item.between": null, "source_type": "my" }, "geometry": { "type": "Polygon", "coordinates": [ [ [ 50.6700048, 53.2845404 ], [ 50.6699255, 53.2846016 ], [ 50.6698392, 53.2845617 ], [ 50.6699185, 53.2845004 ], [ 50.6700048, 53.2845404 ] ] ] } },
{ "type": "Feature", "properties": { "id": "40be3944-7bdd-4ff2-878b-5bb3b755af85", "names.primary": null, "sources": [ { "property": "", "dataset": "Microsoft ML Buildings", "license": "ODbL-1.0", "record_id": null, "update_time": "2016-07-29T00:00:00.000Z", "confidence": null, "between": null } ], "level": null, "height": null, "min_height": null, "is_underground": false, "num_floors": null, "num_floors_underground": null, "min_floor": null, "subtype": null, "class": null, "facade_color": null, "facade_material": null, "roof_material": null, "roof_shape": null, "roof_direction": null, "roof_orientation": null, "roof_color": null, "roof_height": null, "has_parts": false, "version": 3, "bbox.xmin": 50.669898986816406, "bbox.xmax": 50.670013427734375, "bbox.ymin": 53.284694671630859, "bbox.ymax": 53.284770965576172, "theme": "buildings", "type": "building", "xmin": 50.6643816, "ymin": 53.2825064, "xmax": 50.6711443, "ymax": 53.2855954, "source_item.property": "", "source_item.dataset": "Microsoft ML Buildings", "source_item.license": "ODbL-1.0", "source_item.record_id": null, "source_item.update_time": "2016-07-29T00:00:00.000Z", "source_item.confidence": null, "source_item.between": null, "source_type": "ml" }, "geometry": { "type": "Polygon", "coordinates": [ [ [ 50.669956, 53.2847646 ], [ 50.6699002, 53.2847441 ], [ 50.6699505, 53.2846952 ], [ 50.6700063, 53.2847157 ], [ 50.669956, 53.2847646 ] ] ] } },
{ "type": "Feature", "properties": { "id": "f7ac0d0f-4e28-4b74-9bcf-293e05ba66ba", "names.primary": null, "sources": [ { "property": "", "dataset": "Microsoft ML Buildings", "license": "ODbL-1.0", "record_id": null, "update_time": "2016-07-29T00:00:00.000Z", "confidence": null, "between": null } ], "level": null, "height": null, "min_height": null, "is_underground": false, "num_floors": null, "num_floors_underground": null, "min_floor": null, "subtype": null, "class": null, "facade_color": null, "facade_material": null, "roof_material": null, "roof_shape": null, "roof_direction": null, "roof_orientation": null, "roof_color": null, "roof_height": null, "has_parts": false, "version": 3, "bbox.xmin": 50.669857025146484, "bbox.xmax": 50.669967651367188, "bbox.ymin": 53.284835815429688, "bbox.ymax": 53.284877777099609, "theme": "buildings", "type": "building", "xmin": 50.6643816, "ymin": 53.2825064, "xmax": 50.6711443, "ymax": 53.2855954, "source_item.property": "", "source_item.dataset": "Microsoft ML Buildings", "source_item.license": "ODbL-1.0", "source_item.record_id": null, "source_item.update_time": "2016-07-29T00:00:00.000Z", "source_item.confidence": null, "source_item.between": null, "source_type": "ml" }, "geometry": { "type": "Polygon", "coordinates": [ [ [ 50.6699613, 53.2848751 ], [ 50.6698666, 53.2848772 ], [ 50.6698642, 53.2848388 ], [ 50.6699589, 53.2848366 ], [ 50.6699613, 53.2848751 ] ] ] } },
{ "type": "Feature", "properties": { "id": "d85862e1-aba6-47dc-be43-77b5eb569bb6", "names.primary": null, "sources": [ { "property": "", "dataset": "Microsoft ML Buildings", "license": "ODbL-1.0", "record_id": null, "update_time": "2016-07-29T00:00:00.000Z", "confidence": null, "between": null } ], "level": null, "height": null, "min_height": null, "is_underground": false, "num_floors": null, "num_floors_underground": null, "min_floor": null, "subtype": null, "class": null, "facade_color": null, "facade_material": null, "roof_material": null, "roof_shape": null, "roof_direction": null, "roof_orientation": null, "roof_color": null, "roof_height": null, "has_parts": false, "version": 3, "bbox.xmin": 50.670108795166016, "bbox.xmax": 50.670223236083984, "bbox.ymin": 53.285026550292969, "bbox.ymax": 53.285099029541016, "theme": "buildings", "type": "building", "xmin": 50.6643816, "ymin": 53.2825064, "xmax": 50.6711443, "ymax": 53.2855954, "source_item.property": "", "source_item.dataset": "Microsoft ML Buildings", "source_item.license": "ODbL-1.0", "source_item.record_id": null, "source_item.update_time": "2016-07-29T00:00:00.000Z", "source_item.confidence": null, "source_item.between": null, "source_type": "ml" }, "geometry": { "type": "Polygon", "coordinates": [ [ [ 50.6701467, 53.2850341 ], [ 50.6702221, 53.2850608 ], [ 50.6701845, 53.2850988 ], [ 50.6701091, 53.285072 ], [ 50.6701467, 53.2850341 ] ] ] } },
{ "type": "Feature", "properties": { "id": "ae1dd697-0637-49a8-92dc-a15290cf5940", "names.primary": null, "sources": [ { "property": "", "dataset": "Microsoft ML Buildings", "license": "ODbL-1.0", "record_id": null, "update_time": "2016-07-29T00:00:00.000Z", "confidence": null, "between": null } ], "level": null, "height": null, "min_height": null, "is_underground": false, "num_floors": null, "num_floors_underground": null, "min_floor": null, "subtype": null, "class": null, "facade_color": null, "facade_material": null, "roof_material": null, "roof_shape": null, "roof_direction": null, "roof_orientation": null, "roof_color": null, "roof_height": null, "has_parts": false, "version": 3, "bbox.xmin": 50.669643402099609, "bbox.xmax": 50.669849395751953, "bbox.ymin": 53.284946441650391, "bbox.ymax": 53.285041809082031, "theme": "buildings", "type": "building", "xmin": 50.6643816, "ymin": 53.2825064, "xmax": 50.6711443, "ymax": 53.2855954, "source_item.property": "", "source_item.dataset": "Microsoft ML Buildings", "source_item.license": "ODbL-1.0", "source_item.record_id": null, "source_item.update_time": "2016-07-29T00:00:00.000Z", "source_item.confidence": null, "source_item.between": null, "source_type": "ml" }, "geometry": { "type": "Polygon", "coordinates": [ [ [ 50.6697409, 53.2850115 ], [ 50.6697247, 53.2850269 ], [ 50.6696497, 53.2849987 ], [ 50.6697041, 53.284947 ], [ 50.6698433, 53.2849993 ], [ 50.6698051, 53.2850356 ], [ 50.6697409, 53.2850115 ] ] ] } },
{ "type": "Feature", "properties": { "id": "262ba6fa-cbb8-48b5-93ff-daf4728e1996", "names.primary": null, "sources": [ { "property": "", "dataset": "Microsoft ML Buildings", "license": "ODbL-1.0", "record_id": null, "update_time": "2016-07-29T00:00:00.000Z", "confidence": null, "between": null } ], "level": null, "height": null, "min_height": null, "is_underground": false, "num_floors": null, "num_floors_underground": null, "min_floor": null, "subtype": null, "class": null, "facade_color": null, "facade_material": null, "roof_material": null, "roof_shape": null, "roof_direction": null, "roof_orientation": null, "roof_color": null, "roof_height": null, "has_parts": false, "version": 3, "bbox.xmin": 50.669628143310547, "bbox.xmax": 50.669704437255859, "bbox.ymin": 53.284820556640625, "bbox.ymax": 53.284862518310547, "theme": "buildings", "type": "building", "xmin": 50.6643816, "ymin": 53.2825064, "xmax": 50.6711443, "ymax": 53.2855954, "source_item.property": "", "source_item.dataset": "Microsoft ML Buildings", "source_item.license": "ODbL-1.0", "source_item.record_id": null, "source_item.update_time": "2016-07-29T00:00:00.000Z", "source_item.confidence": null, "source_item.between": null, "source_type": "ml" }, "geometry": { "type": "Polygon", "coordinates": [ [ [ 50.6696288, 53.2848501 ], [ 50.6696444, 53.284821 ], [ 50.6697028, 53.2848322 ], [ 50.6696872, 53.2848613 ], [ 50.6696288, 53.2848501 ] ] ] } },
{ "type": "Feature", "properties": { "id": "b64d7503-9af5-472d-af70-72cb67e393bc", "names.primary": null, "sources": [ { "property": "", "dataset": "OpenStreetMap", "license": "ODbL-1.0", "record_id": "w1476555712@2", "update_time": "2026-02-17T15:38:07.000Z", "confidence": null, "between": null } ], "level": null, "height": null, "min_height": null, "is_underground": false, "num_floors": 1, "num_floors_underground": null, "min_floor": null, "subtype": "residential", "class": "house", "facade_color": null, "facade_material": null, "roof_material": null, "roof_shape": null, "roof_direction": null, "roof_orientation": null, "roof_color": null, "roof_height": null, "has_parts": false, "version": 1, "bbox.xmin": 50.669563293457031, "bbox.xmax": 50.669734954833984, "bbox.ymin": 53.285011291503906, "bbox.ymax": 53.285106658935547, "theme": "buildings", "type": "building", "xmin": 50.6643816, "ymin": 53.2825064, "xmax": 50.6711443, "ymax": 53.2855954, "source_item.property": "", "source_item.dataset": "OpenStreetMap", "source_item.license": "ODbL-1.0", "source_item.record_id": "w1476555712@2", "source_item.update_time": "2026-02-17T15:38:07.000Z", "source_item.confidence": null, "source_item.between": null, "source_type": "my" }, "geometry": { "type": "Polygon", "coordinates": [ [ [ 50.6696776, 53.2850997 ], [ 50.6695691, 53.2850565 ], [ 50.6696189, 53.2850118 ], [ 50.6697274, 53.285055 ], [ 50.6696776, 53.2850997 ] ] ] } },
{ "type": "Feature", "properties": { "id": "d8cc9734-e4db-4091-9f63-de2706bc2ea7", "names.primary": null, "sources": [ { "property": "", "dataset": "Microsoft ML Buildings", "license": "ODbL-1.0", "record_id": null, "update_time": "2016-07-29T00:00:00.000Z", "confidence": null, "between": null } ], "level": null, "height": null, "min_height": null, "is_underground": false, "num_floors": null, "num_floors_underground": null, "min_floor": null, "subtype": null, "class": null, "facade_color": null, "facade_material": null, "roof_material": null, "roof_shape": null, "roof_direction": null, "roof_orientation": null, "roof_color": null, "roof_height": null, "has_parts": false, "version": 3, "bbox.xmin": 50.669132232666016, "bbox.xmax": 50.669246673583984, "bbox.ymin": 53.284816741943359, "bbox.ymax": 53.284896850585938, "theme": "buildings", "type": "building", "xmin": 50.6643816, "ymin": 53.2825064, "xmax": 50.6711443, "ymax": 53.2855954, "source_item.property": "", "source_item.dataset": "Microsoft ML Buildings", "source_item.license": "ODbL-1.0", "source_item.record_id": null, "source_item.update_time": "2016-07-29T00:00:00.000Z", "source_item.confidence": null, "source_item.between": null, "source_type": "ml" }, "geometry": { "type": "Polygon", "coordinates": [ [ [ 50.6691324, 53.2848577 ], [ 50.6691865, 53.2848236 ], [ 50.6692452, 53.284857 ], [ 50.6691911, 53.284891 ], [ 50.6691324, 53.2848577 ] ] ] } },
{ "type": "Feature", "properties": { "id": "609e3274-53b7-4179-aa52-5ebdb930bafe", "names.primary": null, "sources": [ { "property": "", "dataset": "Microsoft ML Buildings", "license": "ODbL-1.0", "record_id": null, "update_time": "2016-07-29T00:00:00.000Z", "confidence": null, "between": null } ], "level": null, "height": null, "min_height": null, "is_underground": false, "num_floors": null, "num_floors_underground": null, "min_floor": null, "subtype": null, "class": null, "facade_color": null, "facade_material": null, "roof_material": null, "roof_shape": null, "roof_direction": null, "roof_orientation": null, "roof_color": null, "roof_height": null, "has_parts": false, "version": 3, "bbox.xmin": 50.669044494628906, "bbox.xmax": 50.669143676757812, "bbox.ymin": 53.284797668457031, "bbox.ymax": 53.284866333007812, "theme": "buildings", "type": "building", "xmin": 50.6643816, "ymin": 53.2825064, "xmax": 50.6711443, "ymax": 53.2855954, "source_item.property": "", "source_item.dataset": "Microsoft ML Buildings", "source_item.license": "ODbL-1.0", "source_item.record_id": null, "source_item.update_time": "2016-07-29T00:00:00.000Z", "source_item.confidence": null, "source_item.between": null, "source_type": "ml" }, "geometry": { "type": "Polygon", "coordinates": [ [ [ 50.6690777, 53.2848603 ], [ 50.6690462, 53.2848427 ], [ 50.6691056, 53.2848048 ], [ 50.6691371, 53.2848224 ], [ 50.6690777, 53.2848603 ] ] ] } },
{ "type": "Feature", "properties": { "id": "27c39b8b-01f3-4d87-8aa5-0b74c6bc5364", "names.primary": null, "sources": [ { "property": "", "dataset": "Microsoft ML Buildings", "license": "ODbL-1.0", "record_id": null, "update_time": "2016-07-29T00:00:00.000Z", "confidence": null, "between": null } ], "level": null, "height": null, "min_height": null, "is_underground": false, "num_floors": null, "num_floors_underground": null, "min_floor": null, "subtype": null, "class": null, "facade_color": null, "facade_material": null, "roof_material": null, "roof_shape": null, "roof_direction": null, "roof_orientation": null, "roof_color": null, "roof_height": null, "has_parts": false, "version": 3, "bbox.xmin": 50.669101715087891, "bbox.xmax": 50.669185638427734, "bbox.ymin": 53.284770965576172, "bbox.ymax": 53.284824371337891, "theme": "buildings", "type": "building", "xmin": 50.6643816, "ymin": 53.2825064, "xmax": 50.6711443, "ymax": 53.2855954, "source_item.property": "", "source_item.dataset": "Microsoft ML Buildings", "source_item.license": "ODbL-1.0", "source_item.record_id": null, "source_item.update_time": "2016-07-29T00:00:00.000Z", "source_item.confidence": null, "source_item.between": null, "source_type": "ml" }, "geometry": { "type": "Polygon", "coordinates": [ [ [ 50.6691447, 53.2847782 ], [ 50.6691852, 53.2848008 ], [ 50.6691491, 53.2848239 ], [ 50.6691086, 53.2848012 ], [ 50.6691447, 53.2847782 ] ] ] } },
{ "type": "Feature", "properties": { "id": "f3c032a6-0544-4529-9e72-a09e0d944d2d", "names.primary": null, "sources": [ { "property": "", "dataset": "Microsoft ML Buildings", "license": "ODbL-1.0", "record_id": null, "update_time": "2016-07-29T00:00:00.000Z", "confidence": null, "between": null } ], "level": null, "height": null, "min_height": null, "is_underground": false, "num_floors": null, "num_floors_underground": null, "min_floor": null, "subtype": null, "class": null, "facade_color": null, "facade_material": null, "roof_material": null, "roof_shape": null, "roof_direction": null, "roof_orientation": null, "roof_color": null, "roof_height": null, "has_parts": false, "version": 3, "bbox.xmin": 50.669300079345703, "bbox.xmax": 50.669410705566406, "bbox.ymin": 53.284347534179688, "bbox.ymax": 53.284420013427734, "theme": "buildings", "type": "building", "xmin": 50.6643816, "ymin": 53.2825064, "xmax": 50.6711443, "ymax": 53.2855954, "source_item.property": "", "source_item.dataset": "Microsoft ML Buildings", "source_item.license": "ODbL-1.0", "source_item.record_id": null, "source_item.update_time": "2016-07-29T00:00:00.000Z", "source_item.confidence": null, "source_item.between": null, "source_type": "ml" }, "geometry": { "type": "Polygon", "coordinates": [ [ [ 50.6693636, 53.2843536 ], [ 50.6694097, 53.2843755 ], [ 50.6693523, 53.2844188 ], [ 50.6693061, 53.2843969 ], [ 50.6693636, 53.2843536 ] ] ] } },
{ "type": "Feature", "properties": { "id": "55680b3b-5ca5-4ebb-a48b-051bc31563ff", "names.primary": null, "sources": [ { "property": "", "dataset": "OpenStreetMap", "license": "ODbL-1.0", "record_id": "w1475084257@3", "update_time": "2026-02-18T07:18:46.000Z", "confidence": null, "between": null } ], "level": null, "height": null, "min_height": null, "is_underground": false, "num_floors": 1, "num_floors_underground": null, "min_floor": null, "subtype": "residential", "class": "house", "facade_color": null, "facade_material": null, "roof_material": null, "roof_shape": null, "roof_direction": null, "roof_orientation": null, "roof_color": null, "roof_height": null, "has_parts": false, "version": 1, "bbox.xmin": 50.669589996337891, "bbox.xmax": 50.669761657714844, "bbox.ymin": 53.284374237060547, "bbox.ymax": 53.284488677978516, "theme": "buildings", "type": "building", "xmin": 50.6643816, "ymin": 53.2825064, "xmax": 50.6711443, "ymax": 53.2855954, "source_item.property": "", "source_item.dataset": "OpenStreetMap", "source_item.license": "ODbL-1.0", "source_item.record_id": "w1475084257@3", "source_item.update_time": "2026-02-18T07:18:46.000Z", "source_item.confidence": null, "source_item.between": null, "source_type": "my" }, "geometry": { "type": "Polygon", "coordinates": [ [ [ 50.66976, 53.2844148 ], [ 50.6696657, 53.2844818 ], [ 50.6695967, 53.2844471 ], [ 50.669691, 53.2843801 ], [ 50.66976, 53.2844148 ] ] ] } },
{ "type": "Feature", "properties": { "id": "abfb91a9-735c-4ed1-a351-824d178d81e5", "names.primary": null, "sources": [ { "property": "", "dataset": "Microsoft ML Buildings", "license": "ODbL-1.0", "record_id": null, "update_time": "2016-07-29T00:00:00.000Z", "confidence": null, "between": null } ], "level": null, "height": null, "min_height": null, "is_underground": false, "num_floors": null, "num_floors_underground": null, "min_floor": null, "subtype": null, "class": null, "facade_color": null, "facade_material": null, "roof_material": null, "roof_shape": null, "roof_direction": null, "roof_orientation": null, "roof_color": null, "roof_height": null, "has_parts": false, "version": 3, "bbox.xmin": 50.669784545898438, "bbox.xmax": 50.669921875, "bbox.ymin": 53.284187316894531, "bbox.ymax": 53.284278869628906, "theme": "buildings", "type": "building", "xmin": 50.6643816, "ymin": 53.2825064, "xmax": 50.6711443, "ymax": 53.2855954, "source_item.property": "", "source_item.dataset": "Microsoft ML Buildings", "source_item.license": "ODbL-1.0", "source_item.record_id": null, "source_item.update_time": "2016-07-29T00:00:00.000Z", "source_item.confidence": null, "source_item.between": null, "source_type": "ml" }, "geometry": { "type": "Polygon", "coordinates": [ [ [ 50.6697848, 53.2842402 ], [ 50.6698547, 53.2841939 ], [ 50.6699148, 53.2842263 ], [ 50.6698449, 53.2842726 ], [ 50.6697848, 53.2842402 ] ] ] } },
{ "type": "Feature", "properties": { "id": "e21ef9e3-4d42-4651-841e-76ae0b9b3c6d", "names.primary": null, "sources": [ { "property": "", "dataset": "Microsoft ML Buildings", "license": "ODbL-1.0", "record_id": null, "update_time": "2016-07-29T00:00:00.000Z", "confidence": null, "between": null } ], "level": null, "height": null, "min_height": null, "is_underground": false, "num_floors": null, "num_floors_underground": null, "min_floor": null, "subtype": null, "class": null, "facade_color": null, "facade_material": null, "roof_material": null, "roof_shape": null, "roof_direction": null, "roof_orientation": null, "roof_color": null, "roof_height": null, "has_parts": false, "version": 3, "bbox.xmin": 50.669467926025391, "bbox.xmax": 50.6695556640625, "bbox.ymin": 53.284164428710938, "bbox.ymax": 53.284210205078125, "theme": "buildings", "type": "building", "xmin": 50.6643816, "ymin": 53.2825064, "xmax": 50.6711443, "ymax": 53.2855954, "source_item.property": "", "source_item.dataset": "Microsoft ML Buildings", "source_item.license": "ODbL-1.0", "source_item.record_id": null, "source_item.update_time": "2016-07-29T00:00:00.000Z", "source_item.confidence": null, "source_item.between": null, "source_type": "ml" }, "geometry": { "type": "Polygon", "coordinates": [ [ [ 50.6695174, 53.2842097 ], [ 50.6694749, 53.2841898 ], [ 50.6695075, 53.284165 ], [ 50.6695499, 53.2841849 ], [ 50.6695174, 53.2842097 ] ] ] } },
{ "type": "Feature", "properties": { "id": "ae4d0032-39b0-43c4-b0d1-6be1603c0363", "names.primary": null, "sources": [ { "property": "", "dataset": "OpenStreetMap", "license": "ODbL-1.0", "record_id": "w1475084259@3", "update_time": "2026-02-18T07:18:46.000Z", "confidence": null, "between": null } ], "level": null, "height": null, "min_height": null, "is_underground": false, "num_floors": 1, "num_floors_underground": null, "min_floor": null, "subtype": "residential", "class": "house", "facade_color": null, "facade_material": null, "roof_material": null, "roof_shape": null, "roof_direction": null, "roof_orientation": null, "roof_color": null, "roof_height": null, "has_parts": false, "version": 1, "bbox.xmin": 50.669445037841797, "bbox.xmax": 50.669567108154297, "bbox.ymin": 53.284286499023438, "bbox.ymax": 53.284370422363281, "theme": "buildings", "type": "building", "xmin": 50.6643816, "ymin": 53.2825064, "xmax": 50.6711443, "ymax": 53.2855954, "source_item.property": "", "source_item.dataset": "OpenStreetMap", "source_item.license": "ODbL-1.0", "source_item.record_id": "w1475084259@3", "source_item.update_time": "2026-02-18T07:18:46.000Z", "source_item.confidence": null, "source_item.between": null, "source_type": "my" }, "geometry": { "type": "Polygon", "coordinates": [ [ [ 50.6694946, 53.2843628 ], [ 50.6694464, 53.2843395 ], [ 50.669518, 53.2842866 ], [ 50.6695662, 53.2843099 ], [ 50.6694946, 53.2843628 ] ] ] } },
{ "type": "Feature", "properties": { "id": "2b3a9c61-b16c-49ba-802e-1de4dc104599", "names.primary": null, "sources": [ { "property": "", "dataset": "OpenStreetMap", "license": "ODbL-1.0", "record_id": "w1475084260@3", "update_time": "2026-02-18T07:18:46.000Z", "confidence": null, "between": null } ], "level": null, "height": null, "min_height": null, "is_underground": false, "num_floors": 1, "num_floors_underground": null, "min_floor": null, "subtype": "residential", "class": "house", "facade_color": null, "facade_material": null, "roof_material": null, "roof_shape": null, "roof_direction": null, "roof_orientation": null, "roof_color": null, "roof_height": null, "has_parts": false, "version": 1, "bbox.xmin": 50.669288635253906, "bbox.xmax": 50.669429779052734, "bbox.ymin": 53.284214019775391, "bbox.ymax": 53.2843017578125, "theme": "buildings", "type": "building", "xmin": 50.6643816, "ymin": 53.2825064, "xmax": 50.6711443, "ymax": 53.2855954, "source_item.property": "", "source_item.dataset": "OpenStreetMap", "source_item.license": "ODbL-1.0", "source_item.record_id": "w1475084260@3", "source_item.update_time": "2026-02-18T07:18:46.000Z", "source_item.confidence": null, "source_item.between": null, "source_type": "my" }, "geometry": { "type": "Polygon", "coordinates": [ [ [ 50.6693631, 53.2843014 ], [ 50.6692945, 53.2842666 ], [ 50.6693609, 53.2842198 ], [ 50.6694295, 53.2842546 ], [ 50.6693631, 53.2843014 ] ] ] } },
{ "type": "Feature", "properties": { "id": "44e7836f-8df9-46ca-bbd0-75e2f8a4003b", "names.primary": null, "sources": [ { "property": "", "dataset": "OpenStreetMap", "license": "ODbL-1.0", "record_id": "w1475084261@3", "update_time": "2026-02-18T07:18:46.000Z", "confidence": null, "between": null } ], "level": null, "height": null, "min_height": null, "is_underground": false, "num_floors": 1, "num_floors_underground": null, "min_floor": null, "subtype": "residential", "class": "house", "facade_color": null, "facade_material": null, "roof_material": null, "roof_shape": null, "roof_direction": null, "roof_orientation": null, "roof_color": null, "roof_height": null, "has_parts": false, "version": 1, "bbox.xmin": 50.669124603271484, "bbox.xmax": 50.669281005859375, "bbox.ymin": 53.284130096435547, "bbox.ymax": 53.284233093261719, "theme": "buildings", "type": "building", "xmin": 50.6643816, "ymin": 53.2825064, "xmax": 50.6711443, "ymax": 53.2855954, "source_item.property": "", "source_item.dataset": "OpenStreetMap", "source_item.license": "ODbL-1.0", "source_item.record_id": "w1475084261@3", "source_item.update_time": "2026-02-18T07:18:46.000Z", "source_item.confidence": null, "source_item.between": null, "source_type": "my" }, "geometry": { "type": "Polygon", "coordinates": [ [ [ 50.6691947, 53.2842326 ], [ 50.6691253, 53.2841969 ], [ 50.669211, 53.2841375 ], [ 50.6692804, 53.2841732 ], [ 50.6691947, 53.2842326 ] ] ] } },
{ "type": "Feature", "properties": { "id": "d27be1c3-d001-4a46-bbe4-92eda9d0feb4", "names.primary": null, "sources": [ { "property": "", "dataset": "OpenStreetMap", "license": "ODbL-1.0", "record_id": "w1475084262@3", "update_time": "2026-02-18T07:18:46.000Z", "confidence": null, "between": null } ], "level": null, "height": null, "min_height": null, "is_underground": false, "num_floors": 1, "num_floors_underground": null, "min_floor": null, "subtype": "residential", "class": "house", "facade_color": null, "facade_material": null, "roof_material": null, "roof_shape": null, "roof_direction": null, "roof_orientation": null, "roof_color": null, "roof_height": null, "has_parts": false, "version": 1, "bbox.xmin": 50.669036865234375, "bbox.xmax": 50.669158935546875, "bbox.ymin": 53.2840576171875, "bbox.ymax": 53.284137725830078, "theme": "buildings", "type": "building", "xmin": 50.6643816, "ymin": 53.2825064, "xmax": 50.6711443, "ymax": 53.2855954, "source_item.property": "", "source_item.dataset": "OpenStreetMap", "source_item.license": "ODbL-1.0", "source_item.record_id": "w1475084262@3", "source_item.update_time": "2026-02-18T07:18:46.000Z", "source_item.confidence": null, "source_item.between": null, "source_type": "my" }, "geometry": { "type": "Polygon", "coordinates": [ [ [ 50.6691003, 53.2841361 ], [ 50.6690372, 53.2840984 ], [ 50.669094, 53.2840643 ], [ 50.6691571, 53.284102 ], [ 50.6691003, 53.2841361 ] ] ] } },
{ "type": "Feature", "properties": { "id": "37d15dc3-23e0-495c-865c-d7e54a24b383", "names.primary": null, "sources": [ { "property": "", "dataset": "Microsoft ML Buildings", "license": "ODbL-1.0", "record_id": null, "update_time": "2016-07-29T00:00:00.000Z", "confidence": null, "between": null } ], "level": null, "height": null, "min_height": null, "is_underground": false, "num_floors": null, "num_floors_underground": null, "min_floor": null, "subtype": null, "class": null, "facade_color": null, "facade_material": null, "roof_material": null, "roof_shape": null, "roof_direction": null, "roof_orientation": null, "roof_color": null, "roof_height": null, "has_parts": false, "version": 3, "bbox.xmin": 50.669765472412109, "bbox.xmax": 50.669845581054688, "bbox.ymin": 53.283893585205078, "bbox.ymax": 53.283943176269531, "theme": "buildings", "type": "building", "xmin": 50.6643816, "ymin": 53.2825064, "xmax": 50.6711443, "ymax": 53.2855954, "source_item.property": "", "source_item.dataset": "Microsoft ML Buildings", "source_item.license": "ODbL-1.0", "source_item.record_id": null, "source_item.update_time": "2016-07-29T00:00:00.000Z", "source_item.confidence": null, "source_item.between": null, "source_type": "ml" }, "geometry": { "type": "Polygon", "coordinates": [ [ [ 50.6698126, 53.2839414 ], [ 50.6697667, 53.283924 ], [ 50.6697921, 53.2839 ], [ 50.6698381, 53.2839174 ], [ 50.6698126, 53.2839414 ] ] ] } },
{ "type": "Feature", "properties": { "id": "84030ee4-0eed-4671-b397-6268e887cbff", "names.primary": null, "sources": [ { "property": "", "dataset": "Microsoft ML Buildings", "license": "ODbL-1.0", "record_id": null, "update_time": "2016-07-29T00:00:00.000Z", "confidence": null, "between": null } ], "level": null, "height": null, "min_height": null, "is_underground": false, "num_floors": null, "num_floors_underground": null, "min_floor": null, "subtype": null, "class": null, "facade_color": null, "facade_material": null, "roof_material": null, "roof_shape": null, "roof_direction": null, "roof_orientation": null, "roof_color": null, "roof_height": null, "has_parts": false, "version": 3, "bbox.xmin": 50.667961120605469, "bbox.xmax": 50.668048858642578, "bbox.ymin": 53.282901763916016, "bbox.ymax": 53.282955169677734, "theme": "buildings", "type": "building", "xmin": 50.6643816, "ymin": 53.2825064, "xmax": 50.6711443, "ymax": 53.2855954, "source_item.property": "", "source_item.dataset": "Microsoft ML Buildings", "source_item.license": "ODbL-1.0", "source_item.record_id": null, "source_item.update_time": "2016-07-29T00:00:00.000Z", "source_item.confidence": null, "source_item.between": null, "source_type": "ml" }, "geometry": { "type": "Polygon", "coordinates": [ [ [ 50.6679768, 53.282909 ], [ 50.6680418, 53.282921 ], [ 50.6680279, 53.2829479 ], [ 50.6679629, 53.2829359 ], [ 50.6679768, 53.282909 ] ] ] } },
{ "type": "Feature", "properties": { "id": "93e7c432-0da4-4fcc-88f6-c5685675de1b", "names.primary": null, "sources": [ { "property": "", "dataset": "Microsoft ML Buildings", "license": "ODbL-1.0", "record_id": null, "update_time": "2016-07-29T00:00:00.000Z", "confidence": null, "between": null } ], "level": null, "height": null, "min_height": null, "is_underground": false, "num_floors": null, "num_floors_underground": null, "min_floor": null, "subtype": null, "class": null, "facade_color": null, "facade_material": null, "roof_material": null, "roof_shape": null, "roof_direction": null, "roof_orientation": null, "roof_color": null, "roof_height": null, "has_parts": false, "version": 3, "bbox.xmin": 50.667919158935547, "bbox.xmax": 50.667976379394531, "bbox.ymin": 53.282882690429688, "bbox.ymax": 53.282928466796875, "theme": "buildings", "type": "building", "xmin": 50.6643816, "ymin": 53.2825064, "xmax": 50.6711443, "ymax": 53.2855954, "source_item.property": "", "source_item.dataset": "Microsoft ML Buildings", "source_item.license": "ODbL-1.0", "source_item.record_id": null, "source_item.update_time": "2016-07-29T00:00:00.000Z", "source_item.confidence": null, "source_item.between": null, "source_type": "ml" }, "geometry": { "type": "Polygon", "coordinates": [ [ [ 50.6679344, 53.2828835 ], [ 50.6679753, 53.2828903 ], [ 50.6679605, 53.2829221 ], [ 50.6679196, 53.2829153 ], [ 50.6679344, 53.2828835 ] ] ] } },
{ "type": "Feature", "properties": { "id": "26e702a1-fad5-462b-b7bf-0c4eadf8315f", "names.primary": null, "sources": [ { "property": "", "dataset": "Microsoft ML Buildings", "license": "ODbL-1.0", "record_id": null, "update_time": "2016-07-29T00:00:00.000Z", "confidence": null, "between": null } ], "level": null, "height": null, "min_height": null, "is_underground": false, "num_floors": null, "num_floors_underground": null, "min_floor": null, "subtype": null, "class": null, "facade_color": null, "facade_material": null, "roof_material": null, "roof_shape": null, "roof_direction": null, "roof_orientation": null, "roof_color": null, "roof_height": null, "has_parts": false, "version": 3, "bbox.xmin": 50.668094635009766, "bbox.xmax": 50.668186187744141, "bbox.ymin": 53.283473968505859, "bbox.ymax": 53.283535003662109, "theme": "buildings", "type": "building", "xmin": 50.6643816, "ymin": 53.2825064, "xmax": 50.6711443, "ymax": 53.2855954, "source_item.property": "", "source_item.dataset": "Microsoft ML Buildings", "source_item.license": "ODbL-1.0", "source_item.record_id": null, "source_item.update_time": "2016-07-29T00:00:00.000Z", "source_item.confidence": null, "source_item.between": null, "source_type": "ml" }, "geometry": { "type": "Polygon", "coordinates": [ [ [ 50.6681418, 53.2834754 ], [ 50.6681795, 53.28349 ], [ 50.6681382, 53.2835279 ], [ 50.6681006, 53.2835132 ], [ 50.6681418, 53.2834754 ] ] ] } },
{ "type": "Feature", "properties": { "id": "6961b7cc-42f5-41c1-a8e3-afa2e504cc73", "names.primary": null, "sources": [ { "property": "", "dataset": "OpenStreetMap", "license": "ODbL-1.0", "record_id": "w1475084270@3", "update_time": "2026-02-17T15:38:07.000Z", "confidence": null, "between": null } ], "level": null, "height": null, "min_height": null, "is_underground": false, "num_floors": 1, "num_floors_underground": null, "min_floor": null, "subtype": "residential", "class": "house", "facade_color": null, "facade_material": null, "roof_material": null, "roof_shape": null, "roof_direction": null, "roof_orientation": null, "roof_color": null, "roof_height": null, "has_parts": false, "version": 1, "bbox.xmin": 50.667804718017578, "bbox.xmax": 50.667953491210938, "bbox.ymin": 53.283485412597656, "bbox.ymax": 53.283576965332031, "theme": "buildings", "type": "building", "xmin": 50.6643816, "ymin": 53.2825064, "xmax": 50.6711443, "ymax": 53.2855954, "source_item.property": "", "source_item.dataset": "OpenStreetMap", "source_item.license": "ODbL-1.0", "source_item.record_id": "w1475084270@3", "source_item.update_time": "2026-02-17T15:38:07.000Z", "source_item.confidence": null, "source_item.between": null, "source_type": "my" }, "geometry": { "type": "Polygon", "coordinates": [ [ [ 50.6678883, 53.283576 ], [ 50.6678113, 53.2835355 ], [ 50.6678763, 53.2834913 ], [ 50.6679224, 53.2835155 ], [ 50.6679533, 53.2835318 ], [ 50.6678883, 53.283576 ] ] ] } },
{ "type": "Feature", "properties": { "id": "28aa53b7-04f4-4e78-98cd-de4c21c1eb2c", "names.primary": null, "sources": [ { "property": "", "dataset": "OpenStreetMap", "license": "ODbL-1.0", "record_id": "w1475084271@3", "update_time": "2026-02-17T15:38:07.000Z", "confidence": null, "between": null } ], "level": null, "height": null, "min_height": null, "is_underground": false, "num_floors": 3, "num_floors_underground": null, "min_floor": null, "subtype": "residential", "class": "house", "facade_color": null, "facade_material": null, "roof_material": null, "roof_shape": null, "roof_direction": null, "roof_orientation": null, "roof_color": null, "roof_height": null, "has_parts": false, "version": 1, "bbox.xmin": 50.667556762695312, "bbox.xmax": 50.667774200439453, "bbox.ymin": 53.283477783203125, "bbox.ymax": 53.283607482910156, "theme": "buildings", "type": "building", "xmin": 50.6643816, "ymin": 53.2825064, "xmax": 50.6711443, "ymax": 53.2855954, "source_item.property": "", "source_item.dataset": "OpenStreetMap", "source_item.license": "ODbL-1.0", "source_item.record_id": "w1475084271@3", "source_item.update_time": "2026-02-17T15:38:07.000Z", "source_item.confidence": null, "source_item.between": null, "source_type": "my" }, "geometry": { "type": "Polygon", "coordinates": [ [ [ 50.6676595, 53.2836065 ], [ 50.6675586, 53.2835536 ], [ 50.6676675, 53.2834794 ], [ 50.6677684, 53.2835323 ], [ 50.6676595, 53.2836065 ] ] ] } },
{ "type": "Feature", "properties": { "id": "8186ca93-d4c8-4f41-9856-0c671a422a7c", "names.primary": null, "sources": [ { "property": "", "dataset": "Microsoft ML Buildings", "license": "ODbL-1.0", "record_id": null, "update_time": "2016-07-29T00:00:00.000Z", "confidence": null, "between": null } ], "level": null, "height": null, "min_height": null, "is_underground": false, "num_floors": null, "num_floors_underground": null, "min_floor": null, "subtype": null, "class": null, "facade_color": null, "facade_material": null, "roof_material": null, "roof_shape": null, "roof_direction": null, "roof_orientation": null, "roof_color": null, "roof_height": null, "has_parts": false, "version": 3, "bbox.xmin": 50.667526245117188, "bbox.xmax": 50.667720794677734, "bbox.ymin": 53.283599853515625, "bbox.ymax": 53.283775329589844, "theme": "buildings", "type": "building", "xmin": 50.6643816, "ymin": 53.2825064, "xmax": 50.6711443, "ymax": 53.2855954, "source_item.property": "", "source_item.dataset": "Microsoft ML Buildings", "source_item.license": "ODbL-1.0", "source_item.record_id": null, "source_item.update_time": "2016-07-29T00:00:00.000Z", "source_item.confidence": null, "source_item.between": null, "source_type": "ml" }, "geometry": { "type": "Polygon", "coordinates": [ [ [ 50.6675705, 53.2837695 ], [ 50.6675295, 53.2837526 ], [ 50.6675789, 53.2837098 ], [ 50.667528, 53.2836888 ], [ 50.667622, 53.2836073 ], [ 50.6677139, 53.2836452 ], [ 50.6675705, 53.2837695 ] ] ] } },
{ "type": "Feature", "properties": { "id": "c0b6bf1b-c8cf-4aa6-a621-8111da8365c3", "names.primary": null, "sources": [ { "property": "", "dataset": "OpenStreetMap", "license": "ODbL-1.0", "record_id": "w1476555731@2", "update_time": "2026-02-17T15:38:07.000Z", "confidence": null, "between": null } ], "level": null, "height": null, "min_height": null, "is_underground": false, "num_floors": 2, "num_floors_underground": null, "min_floor": null, "subtype": "residential", "class": "house", "facade_color": null, "facade_material": null, "roof_material": null, "roof_shape": null, "roof_direction": null, "roof_orientation": null, "roof_color": null, "roof_height": null, "has_parts": false, "version": 1, "bbox.xmin": 50.667346954345703, "bbox.xmax": 50.667499542236328, "bbox.ymin": 53.283897399902344, "bbox.ymax": 53.28399658203125, "theme": "buildings", "type": "building", "xmin": 50.6643816, "ymin": 53.2825064, "xmax": 50.6711443, "ymax": 53.2855954, "source_item.property": "", "source_item.dataset": "OpenStreetMap", "source_item.license": "ODbL-1.0", "source_item.record_id": "w1476555731@2", "source_item.update_time": "2026-02-17T15:38:07.000Z", "source_item.confidence": null, "source_item.between": null, "source_type": "my" }, "geometry": { "type": "Polygon", "coordinates": [ [ [ 50.6674362, 53.2839948 ], [ 50.6673545, 53.2839651 ], [ 50.6674161, 53.2839044 ], [ 50.6674978, 53.283934 ], [ 50.6674362, 53.2839948 ] ] ] } },
{ "type": "Feature", "properties": { "id": "cbc50011-c964-47b4-9760-27cad01a70b5", "names.primary": null, "sources": [ { "property": "", "dataset": "OpenStreetMap", "license": "ODbL-1.0", "record_id": "w1476555727@2", "update_time": "2026-02-17T15:38:07.000Z", "confidence": null, "between": null } ], "level": null, "height": null, "min_height": null, "is_underground": false, "num_floors": 1, "num_floors_underground": null, "min_floor": null, "subtype": "residential", "class": "house", "facade_color": null, "facade_material": null, "roof_material": null, "roof_shape": null, "roof_direction": null, "roof_orientation": null, "roof_color": null, "roof_height": null, "has_parts": false, "version": 1, "bbox.xmin": 50.667732238769531, "bbox.xmax": 50.667869567871094, "bbox.ymin": 53.284130096435547, "bbox.ymax": 53.284214019775391, "theme": "buildings", "type": "building", "xmin": 50.6643816, "ymin": 53.2825064, "xmax": 50.6711443, "ymax": 53.2855954, "source_item.property": "", "source_item.dataset": "OpenStreetMap", "source_item.license": "ODbL-1.0", "source_item.record_id": "w1476555727@2", "source_item.update_time": "2026-02-17T15:38:07.000Z", "source_item.confidence": null, "source_item.between": null, "source_type": "my" }, "geometry": { "type": "Polygon", "coordinates": [ [ [ 50.6678218, 53.2842077 ], [ 50.6677335, 53.2841726 ], [ 50.66778, 53.2841308 ], [ 50.6678682, 53.2841659 ], [ 50.6678218, 53.2842077 ] ] ] } },
{ "type": "Feature", "properties": { "id": "3452cd6c-b751-4b51-8ab9-1b345b1653a0", "names.primary": null, "sources": [ { "property": "", "dataset": "Microsoft ML Buildings", "license": "ODbL-1.0", "record_id": null, "update_time": "2016-07-29T00:00:00.000Z", "confidence": null, "between": null } ], "level": null, "height": null, "min_height": null, "is_underground": false, "num_floors": null, "num_floors_underground": null, "min_floor": null, "subtype": null, "class": null, "facade_color": null, "facade_material": null, "roof_material": null, "roof_shape": null, "roof_direction": null, "roof_orientation": null, "roof_color": null, "roof_height": null, "has_parts": false, "version": 3, "bbox.xmin": 50.667606353759766, "bbox.xmax": 50.667686462402344, "bbox.ymin": 53.284065246582031, "bbox.ymax": 53.284122467041016, "theme": "buildings", "type": "building", "xmin": 50.6643816, "ymin": 53.2825064, "xmax": 50.6711443, "ymax": 53.2855954, "source_item.property": "", "source_item.dataset": "Microsoft ML Buildings", "source_item.license": "ODbL-1.0", "source_item.record_id": null, "source_item.update_time": "2016-07-29T00:00:00.000Z", "source_item.confidence": null, "source_item.between": null, "source_type": "ml" }, "geometry": { "type": "Polygon", "coordinates": [ [ [ 50.6676612, 53.2841222 ], [ 50.6676122, 53.2841131 ], [ 50.6676365, 53.2840663 ], [ 50.6676854, 53.2840753 ], [ 50.6676612, 53.2841222 ] ] ] } },
{ "type": "Feature", "properties": { "id": "b0dbad1a-533a-43d5-acdf-dc31757a2878", "names.primary": null, "sources": [ { "property": "", "dataset": "Microsoft ML Buildings", "license": "ODbL-1.0", "record_id": null, "update_time": "2016-07-29T00:00:00.000Z", "confidence": null, "between": null } ], "level": null, "height": null, "min_height": null, "is_underground": false, "num_floors": null, "num_floors_underground": null, "min_floor": null, "subtype": null, "class": null, "facade_color": null, "facade_material": null, "roof_material": null, "roof_shape": null, "roof_direction": null, "roof_orientation": null, "roof_color": null, "roof_height": null, "has_parts": false, "version": 3, "bbox.xmin": 50.667919158935547, "bbox.xmax": 50.668003082275391, "bbox.ymin": 53.283817291259766, "bbox.ymax": 53.283870697021484, "theme": "buildings", "type": "building", "xmin": 50.6643816, "ymin": 53.2825064, "xmax": 50.6711443, "ymax": 53.2855954, "source_item.property": "", "source_item.dataset": "Microsoft ML Buildings", "source_item.license": "ODbL-1.0", "source_item.record_id": null, "source_item.update_time": "2016-07-29T00:00:00.000Z", "source_item.confidence": null, "source_item.between": null, "source_type": "ml" }, "geometry": { "type": "Polygon", "coordinates": [ [ [ 50.667963, 53.2838645 ], [ 50.6679266, 53.2838515 ], [ 50.6679596, 53.2838183 ], [ 50.667996, 53.2838313 ], [ 50.667963, 53.2838645 ] ] ] } },
{ "type": "Feature", "properties": { "id": "c11b18bf-3233-4dba-ae41-0942d65c53ed", "names.primary": null, "sources": [ { "property": "", "dataset": "OpenStreetMap", "license": "ODbL-1.0", "record_id": "w1475084269@3", "update_time": "2026-02-17T15:38:07.000Z", "confidence": null, "between": null } ], "level": null, "height": null, "min_height": null, "is_underground": false, "num_floors": 1, "num_floors_underground": null, "min_floor": null, "subtype": "residential", "class": "house", "facade_color": null, "facade_material": null, "roof_material": null, "roof_shape": null, "roof_direction": null, "roof_orientation": null, "roof_color": null, "roof_height": null, "has_parts": false, "version": 1, "bbox.xmin": 50.667961120605469, "bbox.xmax": 50.668071746826172, "bbox.ymin": 53.283565521240234, "bbox.ymax": 53.283641815185547, "theme": "buildings", "type": "building", "xmin": 50.6643816, "ymin": 53.2825064, "xmax": 50.6711443, "ymax": 53.2855954, "source_item.property": "", "source_item.dataset": "OpenStreetMap", "source_item.license": "ODbL-1.0", "source_item.record_id": "w1475084269@3", "source_item.update_time": "2026-02-17T15:38:07.000Z", "source_item.confidence": null, "source_item.between": null, "source_type": "my" }, "geometry": { "type": "Polygon", "coordinates": [ [ [ 50.6680336, 53.2836342 ], [ 50.6679618, 53.2836042 ], [ 50.6679987, 53.2835726 ], [ 50.6680705, 53.2836026 ], [ 50.6680336, 53.2836342 ] ] ] } },
{ "type": "Feature", "properties": { "id": "41c4d17c-29dd-4a28-b937-bbebaa0a690a", "names.primary": null, "sources": [ { "property": "", "dataset": "OpenStreetMap", "license": "ODbL-1.0", "record_id": "w1475084268@3", "update_time": "2026-02-17T15:38:07.000Z", "confidence": null, "between": null } ], "level": null, "height": null, "min_height": null, "is_underground": false, "num_floors": 2, "num_floors_underground": null, "min_floor": null, "subtype": "residential", "class": "house", "facade_color": null, "facade_material": null, "roof_material": null, "roof_shape": null, "roof_direction": null, "roof_orientation": null, "roof_color": null, "roof_height": null, "has_parts": false, "version": 1, "bbox.xmin": 50.668064117431641, "bbox.xmax": 50.668235778808594, "bbox.ymin": 53.283664703369141, "bbox.ymax": 53.283775329589844, "theme": "buildings", "type": "building", "xmin": 50.6643816, "ymin": 53.2825064, "xmax": 50.6711443, "ymax": 53.2855954, "source_item.property": "", "source_item.dataset": "OpenStreetMap", "source_item.license": "ODbL-1.0", "source_item.record_id": "w1475084268@3", "source_item.update_time": "2026-02-17T15:38:07.000Z", "source_item.confidence": null, "source_item.between": null, "source_type": "my" }, "geometry": { "type": "Polygon", "coordinates": [ [ [ 50.6681479, 53.2837678 ], [ 50.6680657, 53.2837244 ], [ 50.6681518, 53.2836661 ], [ 50.668234, 53.2837096 ], [ 50.6681479, 53.2837678 ] ] ] } },
{ "type": "Feature", "properties": { "id": "3d0630b1-e149-4d0e-b3b6-683a3d205efb", "names.primary": null, "sources": [ { "property": "", "dataset": "OpenStreetMap", "license": "ODbL-1.0", "record_id": "w1475084266@3", "update_time": "2026-02-18T07:18:46.000Z", "confidence": null, "between": null } ], "level": null, "height": null, "min_height": null, "is_underground": false, "num_floors": 1, "num_floors_underground": null, "min_floor": null, "subtype": "residential", "class": "house", "facade_color": null, "facade_material": null, "roof_material": null, "roof_shape": null, "roof_direction": null, "roof_orientation": null, "roof_color": null, "roof_height": null, "has_parts": false, "version": 1, "bbox.xmin": 50.668422698974609, "bbox.xmax": 50.668491363525391, "bbox.ymin": 53.283824920654297, "bbox.ymax": 53.28387451171875, "theme": "buildings", "type": "building", "xmin": 50.6643816, "ymin": 53.2825064, "xmax": 50.6711443, "ymax": 53.2855954, "source_item.property": "", "source_item.dataset": "OpenStreetMap", "source_item.license": "ODbL-1.0", "source_item.record_id": "w1475084266@3", "source_item.update_time": "2026-02-18T07:18:46.000Z", "source_item.confidence": null, "source_item.between": null, "source_type": "my" }, "geometry": { "type": "Polygon", "coordinates": [ [ [ 50.668491, 53.2838542 ], [ 50.6684613, 53.2838728 ], [ 50.6684227, 53.2838507 ], [ 50.6684524, 53.2838321 ], [ 50.668491, 53.2838542 ] ] ] } },
{ "type": "Feature", "properties": { "id": "01208cbb-e414-40fd-bf8e-832f6e07c7be", "names.primary": null, "sources": [ { "property": "", "dataset": "OpenStreetMap", "license": "ODbL-1.0", "record_id": "w1475084265@3", "update_time": "2026-02-18T07:18:46.000Z", "confidence": null, "between": null } ], "level": null, "height": null, "min_height": null, "is_underground": false, "num_floors": 1, "num_floors_underground": null, "min_floor": null, "subtype": "residential", "class": "house", "facade_color": null, "facade_material": null, "roof_material": null, "roof_shape": null, "roof_direction": null, "roof_orientation": null, "roof_color": null, "roof_height": null, "has_parts": false, "version": 1, "bbox.xmin": 50.668521881103516, "bbox.xmax": 50.668617248535156, "bbox.ymin": 53.283824920654297, "bbox.ymax": 53.283885955810547, "theme": "buildings", "type": "building", "xmin": 50.6643816, "ymin": 53.2825064, "xmax": 50.6711443, "ymax": 53.2855954, "source_item.property": "", "source_item.dataset": "OpenStreetMap", "source_item.license": "ODbL-1.0", "source_item.record_id": "w1475084265@3", "source_item.update_time": "2026-02-18T07:18:46.000Z", "source_item.confidence": null, "source_item.between": null, "source_type": "my" }, "geometry": { "type": "Polygon", "coordinates": [ [ [ 50.6685653, 53.2838785 ], [ 50.6685237, 53.2838563 ], [ 50.6685691, 53.283826 ], [ 50.6686107, 53.2838482 ], [ 50.6685653, 53.2838785 ] ] ] } },
{ "type": "Feature", "properties": { "id": "da51f143-6a71-45ae-b8a2-e0367e53cf14", "names.primary": null, "sources": [ { "property": "", "dataset": "OpenStreetMap", "license": "ODbL-1.0", "record_id": "w1475084267@3", "update_time": "2026-02-18T07:18:46.000Z", "confidence": null, "between": null } ], "level": null, "height": null, "min_height": null, "is_underground": false, "num_floors": 1, "num_floors_underground": null, "min_floor": null, "subtype": "residential", "class": "house", "facade_color": null, "facade_material": null, "roof_material": null, "roof_shape": null, "roof_direction": null, "roof_orientation": null, "roof_color": null, "roof_height": null, "has_parts": false, "version": 1, "bbox.xmin": 50.668422698974609, "bbox.xmax": 50.668510437011719, "bbox.ymin": 53.283695220947266, "bbox.ymax": 53.283760070800781, "theme": "buildings", "type": "building", "xmin": 50.6643816, "ymin": 53.2825064, "xmax": 50.6711443, "ymax": 53.2855954, "source_item.property": "", "source_item.dataset": "OpenStreetMap", "source_item.license": "ODbL-1.0", "source_item.record_id": "w1475084267@3", "source_item.update_time": "2026-02-18T07:18:46.000Z", "source_item.confidence": null, "source_item.between": null, "source_type": "my" }, "geometry": { "type": "Polygon", "coordinates": [ [ [ 50.668457, 53.2837541 ], [ 50.6684235, 53.2837349 ], [ 50.6684766, 53.2837018 ], [ 50.6685101, 53.283721 ], [ 50.668457, 53.2837541 ] ] ] } },
{ "type": "Feature", "properties": { "id": "3fef4798-5013-4000-8580-1b96cf8bb096", "names.primary": null, "sources": [ { "property": "", "dataset": "OpenStreetMap", "license": "ODbL-1.0", "record_id": "w1475084263@3", "update_time": "2026-02-18T07:18:46.000Z", "confidence": null, "between": null } ], "level": null, "height": null, "min_height": null, "is_underground": false, "num_floors": 1, "num_floors_underground": null, "min_floor": null, "subtype": "residential", "class": "house", "facade_color": null, "facade_material": null, "roof_material": null, "roof_shape": null, "roof_direction": null, "roof_orientation": null, "roof_color": null, "roof_height": null, "has_parts": false, "version": 1, "bbox.xmin": 50.668743133544922, "bbox.xmax": 50.668910980224609, "bbox.ymin": 53.283897399902344, "bbox.ymax": 53.284004211425781, "theme": "buildings", "type": "building", "xmin": 50.6643816, "ymin": 53.2825064, "xmax": 50.6711443, "ymax": 53.2855954, "source_item.property": "", "source_item.dataset": "OpenStreetMap", "source_item.license": "ODbL-1.0", "source_item.record_id": "w1475084263@3", "source_item.update_time": "2026-02-18T07:18:46.000Z", "source_item.confidence": null, "source_item.between": null, "source_type": "my" }, "geometry": { "type": "Polygon", "coordinates": [ [ [ 50.6688248, 53.2840027 ], [ 50.6687489, 53.2839627 ], [ 50.6688346, 53.2839045 ], [ 50.6689105, 53.2839445 ], [ 50.6688248, 53.2840027 ] ] ] } },
{ "type": "Feature", "properties": { "id": "f9c590bd-9aa9-43d8-83a5-2de43f6ff026", "names.primary": null, "sources": [ { "property": "", "dataset": "OpenStreetMap", "license": "ODbL-1.0", "record_id": "w1475084264@3", "update_time": "2026-02-18T07:18:46.000Z", "confidence": null, "between": null } ], "level": null, "height": null, "min_height": null, "is_underground": false, "num_floors": 1, "num_floors_underground": null, "min_floor": null, "subtype": "residential", "class": "house", "facade_color": null, "facade_material": null, "roof_material": null, "roof_shape": null, "roof_direction": null, "roof_orientation": null, "roof_color": null, "roof_height": null, "has_parts": false, "version": 1, "bbox.xmin": 50.668857574462891, "bbox.xmax": 50.66900634765625, "bbox.ymin": 53.283985137939453, "bbox.ymax": 53.284080505371094, "theme": "buildings", "type": "building", "xmin": 50.6643816, "ymin": 53.2825064, "xmax": 50.6711443, "ymax": 53.2855954, "source_item.property": "", "source_item.dataset": "OpenStreetMap", "source_item.license": "ODbL-1.0", "source_item.record_id": "w1475084264@3", "source_item.update_time": "2026-02-18T07:18:46.000Z", "source_item.confidence": null, "source_item.between": null, "source_type": "my" }, "geometry": { "type": "Polygon", "coordinates": [ [ [ 50.6689243, 53.2840738 ], [ 50.6688648, 53.2840399 ], [ 50.6689408, 53.2839923 ], [ 50.6690003, 53.2840262 ], [ 50.6689243, 53.2840738 ] ] ] } },
{ "type": "Feature", "properties": { "id": "e806df4f-c143-44f3-8285-4e3060deef19", "names.primary": null, "sources": [ { "property": "", "dataset": "Microsoft ML Buildings", "license": "ODbL-1.0", "record_id": null, "update_time": "2016-07-29T00:00:00.000Z", "confidence": null, "between": null } ], "level": null, "height": null, "min_height": null, "is_underground": false, "num_floors": null, "num_floors_underground": null, "min_floor": null, "subtype": null, "class": null, "facade_color": null, "facade_material": null, "roof_material": null, "roof_shape": null, "roof_direction": null, "roof_orientation": null, "roof_color": null, "roof_height": null, "has_parts": false, "version": 3, "bbox.xmin": 50.668739318847656, "bbox.xmax": 50.668804168701172, "bbox.ymin": 53.284141540527344, "bbox.ymax": 53.284198760986328, "theme": "buildings", "type": "building", "xmin": 50.6643816, "ymin": 53.2825064, "xmax": 50.6711443, "ymax": 53.2855954, "source_item.property": "", "source_item.dataset": "Microsoft ML Buildings", "source_item.license": "ODbL-1.0", "source_item.record_id": null, "source_item.update_time": "2016-07-29T00:00:00.000Z", "source_item.confidence": null, "source_item.between": null, "source_type": "ml" }, "geometry": { "type": "Polygon", "coordinates": [ [ [ 50.6687862, 53.2841921 ], [ 50.6687394, 53.2841838 ], [ 50.668757, 53.2841484 ], [ 50.6688038, 53.2841567 ], [ 50.6687862, 53.2841921 ] ] ] } },
{ "type": "Feature", "properties": { "id": "81f9e0ba-c04b-4e3d-a619-337cc951155a", "names.primary": null, "sources": [ { "property": "", "dataset": "Microsoft ML Buildings", "license": "ODbL-1.0", "record_id": null, "update_time": "2016-07-29T00:00:00.000Z", "confidence": null, "between": null } ], "level": null, "height": null, "min_height": null, "is_underground": false, "num_floors": null, "num_floors_underground": null, "min_floor": null, "subtype": null, "class": null, "facade_color": null, "facade_material": null, "roof_material": null, "roof_shape": null, "roof_direction": null, "roof_orientation": null, "roof_color": null, "roof_height": null, "has_parts": false, "version": 3, "bbox.xmin": 50.668998718261719, "bbox.xmax": 50.669090270996094, "bbox.ymin": 53.284519195556641, "bbox.ymax": 53.284568786621094, "theme": "buildings", "type": "building", "xmin": 50.6643816, "ymin": 53.2825064, "xmax": 50.6711443, "ymax": 53.2855954, "source_item.property": "", "source_item.dataset": "Microsoft ML Buildings", "source_item.license": "ODbL-1.0", "source_item.record_id": null, "source_item.update_time": "2016-07-29T00:00:00.000Z", "source_item.confidence": null, "source_item.between": null, "source_type": "ml" }, "geometry": { "type": "Polygon", "coordinates": [ [ [ 50.6690659, 53.2845674 ], [ 50.6690061, 53.284551 ], [ 50.6690295, 53.2845205 ], [ 50.6690893, 53.284537 ], [ 50.6690659, 53.2845674 ] ] ] } },
{ "type": "Feature", "properties": { "id": "8341e884-6135-4fa0-a901-ea360dec4a66", "names.primary": null, "sources": [ { "property": "", "dataset": "OpenStreetMap", "license": "ODbL-1.0", "record_id": "w1476555714@2", "update_time": "2026-02-17T15:38:07.000Z", "confidence": null, "between": null } ], "level": null, "height": null, "min_height": null, "is_underground": false, "num_floors": 1, "num_floors_underground": null, "min_floor": null, "subtype": "residential", "class": "house", "facade_color": null, "facade_material": null, "roof_material": null, "roof_shape": null, "roof_direction": null, "roof_orientation": null, "roof_color": null, "roof_height": null, "has_parts": false, "version": 1, "bbox.xmin": 50.668895721435547, "bbox.xmax": 50.669040679931641, "bbox.ymin": 53.284690856933594, "bbox.ymax": 53.284778594970703, "theme": "buildings", "type": "building", "xmin": 50.6643816, "ymin": 53.2825064, "xmax": 50.6711443, "ymax": 53.2855954, "source_item.property": "", "source_item.dataset": "OpenStreetMap", "source_item.license": "ODbL-1.0", "source_item.record_id": "w1476555714@2", "source_item.update_time": "2026-02-17T15:38:07.000Z", "source_item.confidence": null, "source_item.between": null, "source_type": "my" }, "geometry": { "type": "Polygon", "coordinates": [ [ [ 50.668953, 53.2847717 ], [ 50.6689025, 53.2847428 ], [ 50.6689844, 53.2846917 ], [ 50.6690348, 53.2847205 ], [ 50.668953, 53.2847717 ] ] ] } },
{ "type": "Feature", "properties": { "id": "e0b7a60c-08b2-411e-a074-1a256c10c8cf", "names.primary": null, "sources": [ { "property": "", "dataset": "OpenStreetMap", "license": "ODbL-1.0", "record_id": "w1476555716@2", "update_time": "2026-02-17T15:38:07.000Z", "confidence": null, "between": null } ], "level": null, "height": null, "min_height": null, "is_underground": false, "num_floors": 1, "num_floors_underground": null, "min_floor": null, "subtype": "residential", "class": "house", "facade_color": null, "facade_material": null, "roof_material": null, "roof_shape": null, "roof_direction": null, "roof_orientation": null, "roof_color": null, "roof_height": null, "has_parts": false, "version": 1, "bbox.xmin": 50.668594360351562, "bbox.xmax": 50.668769836425781, "bbox.ymin": 53.284954071044922, "bbox.ymax": 53.285079956054688, "theme": "buildings", "type": "building", "xmin": 50.6643816, "ymin": 53.2825064, "xmax": 50.6711443, "ymax": 53.2855954, "source_item.property": "", "source_item.dataset": "OpenStreetMap", "source_item.license": "ODbL-1.0", "source_item.record_id": "w1476555716@2", "source_item.update_time": "2026-02-17T15:38:07.000Z", "source_item.confidence": null, "source_item.between": null, "source_type": "my" }, "geometry": { "type": "Polygon", "coordinates": [ [ [ 50.668769, 53.2850251 ], [ 50.6687204, 53.2850742 ], [ 50.6686002, 53.2850317 ], [ 50.6686699, 53.2849613 ], [ 50.6687521, 53.2849904 ], [ 50.6687311, 53.2850117 ], [ 50.668769, 53.2850251 ] ] ] } },
{ "type": "Feature", "properties": { "id": "dae9aa1d-9c00-4e10-950a-d2f10287507d", "names.primary": null, "sources": [ { "property": "", "dataset": "Microsoft ML Buildings", "license": "ODbL-1.0", "record_id": null, "update_time": "2016-07-29T00:00:00.000Z", "confidence": null, "between": null } ], "level": null, "height": null, "min_height": null, "is_underground": false, "num_floors": null, "num_floors_underground": null, "min_floor": null, "subtype": null, "class": null, "facade_color": null, "facade_material": null, "roof_material": null, "roof_shape": null, "roof_direction": null, "roof_orientation": null, "roof_color": null, "roof_height": null, "has_parts": false, "version": 3, "bbox.xmin": 50.668460845947266, "bbox.xmax": 50.6685791015625, "bbox.ymin": 53.285015106201172, "bbox.ymax": 53.28509521484375, "theme": "buildings", "type": "building", "xmin": 50.6643816, "ymin": 53.2825064, "xmax": 50.6711443, "ymax": 53.2855954, "source_item.property": "", "source_item.dataset": "Microsoft ML Buildings", "source_item.license": "ODbL-1.0", "source_item.record_id": null, "source_item.update_time": "2016-07-29T00:00:00.000Z", "source_item.confidence": null, "source_item.between": null, "source_type": "ml" }, "geometry": { "type": "Polygon", "coordinates": [ [ [ 50.6684678, 53.2850676 ], [ 50.6685085, 53.285021 ], [ 50.6685726, 53.2850409 ], [ 50.6685319, 53.2850876 ], [ 50.6684678, 53.2850676 ] ] ] } },
{ "type": "Feature", "properties": { "id": "af036811-0142-4c78-a809-3f737b17bcb7", "names.primary": null, "sources": [ { "property": "", "dataset": "OpenStreetMap", "license": "ODbL-1.0", "record_id": "w1476555718@2", "update_time": "2026-02-17T15:38:07.000Z", "confidence": null, "between": null } ], "level": null, "height": null, "min_height": null, "is_underground": false, "num_floors": 1, "num_floors_underground": null, "min_floor": null, "subtype": "residential", "class": "house", "facade_color": null, "facade_material": null, "roof_material": null, "roof_shape": null, "roof_direction": null, "roof_orientation": null, "roof_color": null, "roof_height": null, "has_parts": false, "version": 1, "bbox.xmin": 50.668525695800781, "bbox.xmax": 50.668613433837891, "bbox.ymin": 53.284767150878906, "bbox.ymax": 53.284828186035156, "theme": "buildings", "type": "building", "xmin": 50.6643816, "ymin": 53.2825064, "xmax": 50.6711443, "ymax": 53.2855954, "source_item.property": "", "source_item.dataset": "OpenStreetMap", "source_item.license": "ODbL-1.0", "source_item.record_id": "w1476555718@2", "source_item.update_time": "2026-02-17T15:38:07.000Z", "source_item.confidence": null, "source_item.between": null, "source_type": "my" }, "geometry": { "type": "Polygon", "coordinates": [ [ [ 50.6685813, 53.2848208 ], [ 50.6685316, 53.2847997 ], [ 50.6685629, 53.2847734 ], [ 50.6686126, 53.2847945 ], [ 50.6685813, 53.2848208 ] ] ] } },
{ "type": "Feature", "properties": { "id": "4e669e6f-4f4a-41db-8d5a-38cd5405615b", "names.primary": null, "sources": [ { "property": "", "dataset": "Microsoft ML Buildings", "license": "ODbL-1.0", "record_id": null, "update_time": "2016-07-29T00:00:00.000Z", "confidence": null, "between": null } ], "level": null, "height": null, "min_height": null, "is_underground": false, "num_floors": null, "num_floors_underground": null, "min_floor": null, "subtype": null, "class": null, "facade_color": null, "facade_material": null, "roof_material": null, "roof_shape": null, "roof_direction": null, "roof_orientation": null, "roof_color": null, "roof_height": null, "has_parts": false, "version": 3, "bbox.xmin": 50.668018341064453, "bbox.xmax": 50.668178558349609, "bbox.ymin": 53.284873962402344, "bbox.ymax": 53.284942626953125, "theme": "buildings", "type": "building", "xmin": 50.6643816, "ymin": 53.2825064, "xmax": 50.6711443, "ymax": 53.2855954, "source_item.property": "", "source_item.dataset": "Microsoft ML Buildings", "source_item.license": "ODbL-1.0", "source_item.record_id": null, "source_item.update_time": "2016-07-29T00:00:00.000Z", "source_item.confidence": null, "source_item.between": null, "source_type": "ml" }, "geometry": { "type": "Polygon", "coordinates": [ [ [ 50.6680243, 53.2849096 ], [ 50.6680482, 53.2848755 ], [ 50.6681728, 53.2849068 ], [ 50.6681488, 53.2849409 ], [ 50.6680243, 53.2849096 ] ] ] } },
{ "type": "Feature", "properties": { "id": "6ec94e9d-a5e7-4bca-adb5-d70d4ec2949e", "names.primary": null, "sources": [ { "property": "", "dataset": "Microsoft ML Buildings", "license": "ODbL-1.0", "record_id": null, "update_time": "2016-07-29T00:00:00.000Z", "confidence": null, "between": null } ], "level": null, "height": null, "min_height": null, "is_underground": false, "num_floors": null, "num_floors_underground": null, "min_floor": null, "subtype": null, "class": null, "facade_color": null, "facade_material": null, "roof_material": null, "roof_shape": null, "roof_direction": null, "roof_orientation": null, "roof_color": null, "roof_height": null, "has_parts": false, "version": 3, "bbox.xmin": 50.667957305908203, "bbox.xmax": 50.668048858642578, "bbox.ymin": 53.285015106201172, "bbox.ymax": 53.285083770751953, "theme": "buildings", "type": "building", "xmin": 50.6643816, "ymin": 53.2825064, "xmax": 50.6711443, "ymax": 53.2855954, "source_item.property": "", "source_item.dataset": "Microsoft ML Buildings", "source_item.license": "ODbL-1.0", "source_item.record_id": null, "source_item.update_time": "2016-07-29T00:00:00.000Z", "source_item.confidence": null, "source_item.between": null, "source_type": "ml" }, "geometry": { "type": "Polygon", "coordinates": [ [ [ 50.6680026, 53.2850765 ], [ 50.6679587, 53.2850631 ], [ 50.6679983, 53.2850169 ], [ 50.6680421, 53.2850303 ], [ 50.6680026, 53.2850765 ] ] ] } },
{ "type": "Feature", "properties": { "id": "b66a252a-1a1b-4d51-b972-9696ccff8060", "names.primary": null, "sources": [ { "property": "", "dataset": "Microsoft ML Buildings", "license": "ODbL-1.0", "record_id": null, "update_time": "2016-07-29T00:00:00.000Z", "confidence": null, "between": null } ], "level": null, "height": null, "min_height": null, "is_underground": false, "num_floors": null, "num_floors_underground": null, "min_floor": null, "subtype": null, "class": null, "facade_color": null, "facade_material": null, "roof_material": null, "roof_shape": null, "roof_direction": null, "roof_orientation": null, "roof_color": null, "roof_height": null, "has_parts": false, "version": 3, "bbox.xmin": 50.667900085449219, "bbox.xmax": 50.667987823486328, "bbox.ymin": 53.285007476806641, "bbox.ymax": 53.285060882568359, "theme": "buildings", "type": "building", "xmin": 50.6643816, "ymin": 53.2825064, "xmax": 50.6711443, "ymax": 53.2855954, "source_item.property": "", "source_item.dataset": "Microsoft ML Buildings", "source_item.license": "ODbL-1.0", "source_item.record_id": null, "source_item.update_time": "2016-07-29T00:00:00.000Z", "source_item.confidence": null, "source_item.between": null, "source_type": "ml" }, "geometry": { "type": "Polygon", "coordinates": [ [ [ 50.6679075, 53.2850427 ], [ 50.6679476, 53.2850079 ], [ 50.6679877, 53.2850244 ], [ 50.6679476, 53.2850592 ], [ 50.6679075, 53.2850427 ] ] ] } },
{ "type": "Feature", "properties": { "id": "855dacc4-ab2b-400c-a46a-57e76a7db615", "names.primary": null, "sources": [ { "property": "", "dataset": "OpenStreetMap", "license": "ODbL-1.0", "record_id": "w1476555719@2", "update_time": "2026-02-17T15:38:07.000Z", "confidence": null, "between": null } ], "level": null, "height": null, "min_height": null, "is_underground": false, "num_floors": 1, "num_floors_underground": null, "min_floor": null, "subtype": "residential", "class": "house", "facade_color": null, "facade_material": null, "roof_material": null, "roof_shape": null, "roof_direction": null, "roof_orientation": null, "roof_color": null, "roof_height": null, "has_parts": false, "version": 1, "bbox.xmin": 50.667842864990234, "bbox.xmax": 50.667995452880859, "bbox.ymin": 53.284660339355469, "bbox.ymax": 53.284763336181641, "theme": "buildings", "type": "building", "xmin": 50.6643816, "ymin": 53.2825064, "xmax": 50.6711443, "ymax": 53.2855954, "source_item.property": "", "source_item.dataset": "OpenStreetMap", "source_item.license": "ODbL-1.0", "source_item.record_id": "w1476555719@2", "source_item.update_time": "2026-02-17T15:38:07.000Z", "source_item.confidence": null, "source_item.between": null, "source_type": "my" }, "geometry": { "type": "Polygon", "coordinates": [ [ [ 50.6678861, 53.2847616 ], [ 50.6678432, 53.2847398 ], [ 50.6679456, 53.2846675 ], [ 50.6679886, 53.2846892 ], [ 50.6678861, 53.2847616 ] ] ] } },
{ "type": "Feature", "properties": { "id": "5e22bb4c-7caa-4570-a80f-141d2e8cc7e8", "names.primary": null, "sources": [ { "property": "", "dataset": "OpenStreetMap", "license": "ODbL-1.0", "record_id": "w1476555720@2", "update_time": "2026-02-17T15:38:07.000Z", "confidence": null, "between": null } ], "level": null, "height": null, "min_height": null, "is_underground": false, "num_floors": 1, "num_floors_underground": null, "min_floor": null, "subtype": "residential", "class": "house", "facade_color": null, "facade_material": null, "roof_material": null, "roof_shape": null, "roof_direction": null, "roof_orientation": null, "roof_color": null, "roof_height": null, "has_parts": false, "version": 1, "bbox.xmin": 50.667896270751953, "bbox.xmax": 50.668018341064453, "bbox.ymin": 53.284736633300781, "bbox.ymax": 53.284820556640625, "theme": "buildings", "type": "building", "xmin": 50.6643816, "ymin": 53.2825064, "xmax": 50.6711443, "ymax": 53.2855954, "source_item.property": "", "source_item.dataset": "OpenStreetMap", "source_item.license": "ODbL-1.0", "source_item.record_id": "w1476555720@2", "source_item.update_time": "2026-02-17T15:38:07.000Z", "source_item.confidence": null, "source_item.between": null, "source_type": "my" }, "geometry": { "type": "Polygon", "coordinates": [ [ [ 50.6679716, 53.2848144 ], [ 50.6678965, 53.2847796 ], [ 50.6679423, 53.2847442 ], [ 50.6680174, 53.284779 ], [ 50.6679716, 53.2848144 ] ] ] } },
{ "type": "Feature", "properties": { "id": "72fedc3d-3a77-4d96-b564-e448c7264e9c", "names.primary": null, "sources": [ { "property": "", "dataset": "Microsoft ML Buildings", "license": "ODbL-1.0", "record_id": null, "update_time": "2016-07-29T00:00:00.000Z", "confidence": null, "between": null } ], "level": null, "height": null, "min_height": null, "is_underground": false, "num_floors": null, "num_floors_underground": null, "min_floor": null, "subtype": null, "class": null, "facade_color": null, "facade_material": null, "roof_material": null, "roof_shape": null, "roof_direction": null, "roof_orientation": null, "roof_color": null, "roof_height": null, "has_parts": false, "version": 3, "bbox.xmin": 50.668113708496094, "bbox.xmax": 50.668201446533203, "bbox.ymin": 53.28485107421875, "bbox.ymax": 53.284900665283203, "theme": "buildings", "type": "building", "xmin": 50.6643816, "ymin": 53.2825064, "xmax": 50.6711443, "ymax": 53.2855954, "source_item.property": "", "source_item.dataset": "Microsoft ML Buildings", "source_item.license": "ODbL-1.0", "source_item.record_id": null, "source_item.update_time": "2016-07-29T00:00:00.000Z", "source_item.confidence": null, "source_item.between": null, "source_type": "ml" }, "geometry": { "type": "Polygon", "coordinates": [ [ [ 50.6681153, 53.2848881 ], [ 50.6681229, 53.2848583 ], [ 50.6681946, 53.2848649 ], [ 50.668187, 53.2848946 ], [ 50.6681153, 53.2848881 ] ] ] } },
{ "type": "Feature", "properties": { "id": "b69b6990-e9a3-4204-84cc-d09612957d0f", "names.primary": null, "sources": [ { "property": "", "dataset": "Microsoft ML Buildings", "license": "ODbL-1.0", "record_id": null, "update_time": "2016-07-29T00:00:00.000Z", "confidence": null, "between": null } ], "level": null, "height": null, "min_height": null, "is_underground": false, "num_floors": null, "num_floors_underground": null, "min_floor": null, "subtype": null, "class": null, "facade_color": null, "facade_material": null, "roof_material": null, "roof_shape": null, "roof_direction": null, "roof_orientation": null, "roof_color": null, "roof_height": null, "has_parts": false, "version": 3, "bbox.xmin": 50.667999267578125, "bbox.xmax": 50.668067932128906, "bbox.ymin": 53.284530639648438, "bbox.ymax": 53.284580230712891, "theme": "buildings", "type": "building", "xmin": 50.6643816, "ymin": 53.2825064, "xmax": 50.6711443, "ymax": 53.2855954, "source_item.property": "", "source_item.dataset": "Microsoft ML Buildings", "source_item.license": "ODbL-1.0", "source_item.record_id": null, "source_item.update_time": "2016-07-29T00:00:00.000Z", "source_item.confidence": null, "source_item.between": null, "source_type": "ml" }, "geometry": { "type": "Polygon", "coordinates": [ [ [ 50.6680299, 53.2845316 ], [ 50.6680677, 53.2845462 ], [ 50.6680376, 53.284574 ], [ 50.6679998, 53.2845594 ], [ 50.6680299, 53.2845316 ] ] ] } },
{ "type": "Feature", "properties": { "id": "00843287-8495-47c1-8d45-6fcf76851ddd", "names.primary": null, "sources": [ { "property": "", "dataset": "Microsoft ML Buildings", "license": "ODbL-1.0", "record_id": null, "update_time": "2016-07-29T00:00:00.000Z", "confidence": null, "between": null } ], "level": null, "height": null, "min_height": null, "is_underground": false, "num_floors": null, "num_floors_underground": null, "min_floor": null, "subtype": null, "class": null, "facade_color": null, "facade_material": null, "roof_material": null, "roof_shape": null, "roof_direction": null, "roof_orientation": null, "roof_color": null, "roof_height": null, "has_parts": false, "version": 3, "bbox.xmin": 50.66766357421875, "bbox.xmax": 50.667770385742188, "bbox.ymin": 53.284637451171875, "bbox.ymax": 53.284706115722656, "theme": "buildings", "type": "building", "xmin": 50.6643816, "ymin": 53.2825064, "xmax": 50.6711443, "ymax": 53.2855954, "source_item.property": "", "source_item.dataset": "Microsoft ML Buildings", "source_item.license": "ODbL-1.0", "source_item.record_id": null, "source_item.update_time": "2016-07-29T00:00:00.000Z", "source_item.confidence": null, "source_item.between": null, "source_type": "ml" }, "geometry": { "type": "Polygon", "coordinates": [ [ [ 50.6676699, 53.284683 ], [ 50.6677132, 53.2846442 ], [ 50.6677689, 53.2846664 ], [ 50.6677255, 53.2847052 ], [ 50.6676699, 53.284683 ] ] ] } },
{ "type": "Feature", "properties": { "id": "7d743c41-f492-4bb8-9b33-857587c71317", "names.primary": null, "sources": [ { "property": "", "dataset": "OpenStreetMap", "license": "ODbL-1.0", "record_id": "w1476555725@2", "update_time": "2026-02-17T15:38:07.000Z", "confidence": null, "between": null } ], "level": null, "height": null, "min_height": null, "is_underground": false, "num_floors": 1, "num_floors_underground": null, "min_floor": null, "subtype": "residential", "class": "house", "facade_color": null, "facade_material": null, "roof_material": null, "roof_shape": null, "roof_direction": null, "roof_orientation": null, "roof_color": null, "roof_height": null, "has_parts": false, "version": 1, "bbox.xmin": 50.667564392089844, "bbox.xmax": 50.667701721191406, "bbox.ymin": 53.284412384033203, "bbox.ymax": 53.284496307373047, "theme": "buildings", "type": "building", "xmin": 50.6643816, "ymin": 53.2825064, "xmax": 50.6711443, "ymax": 53.2855954, "source_item.property": "", "source_item.dataset": "OpenStreetMap", "source_item.license": "ODbL-1.0", "source_item.record_id": "w1476555725@2", "source_item.update_time": "2026-02-17T15:38:07.000Z", "source_item.confidence": null, "source_item.between": null, "source_type": "my" }, "geometry": { "type": "Polygon", "coordinates": [ [ [ 50.6676408, 53.2844958 ], [ 50.6675718, 53.2844695 ], [ 50.6676308, 53.284414 ], [ 50.6676999, 53.2844403 ], [ 50.6676408, 53.2844958 ] ] ] } },
{ "type": "Feature", "properties": { "id": "a833dbdb-4eea-4d5a-abc8-ddaaa50ff40e", "names.primary": null, "sources": [ { "property": "", "dataset": "OpenStreetMap", "license": "ODbL-1.0", "record_id": "w1476555722@2", "update_time": "2026-02-17T15:38:07.000Z", "confidence": null, "between": null } ], "level": null, "height": null, "min_height": null, "is_underground": false, "num_floors": 1, "num_floors_underground": null, "min_floor": null, "subtype": "residential", "class": "house", "facade_color": null, "facade_material": null, "roof_material": null, "roof_shape": null, "roof_direction": null, "roof_orientation": null, "roof_color": null, "roof_height": null, "has_parts": false, "version": 1, "bbox.xmin": 50.667686462402344, "bbox.xmax": 50.667839050292969, "bbox.ymin": 53.284934997558594, "bbox.ymax": 53.285026550292969, "theme": "buildings", "type": "building", "xmin": 50.6643816, "ymin": 53.2825064, "xmax": 50.6711443, "ymax": 53.2855954, "source_item.property": "", "source_item.dataset": "OpenStreetMap", "source_item.license": "ODbL-1.0", "source_item.record_id": "w1476555722@2", "source_item.update_time": "2026-02-17T15:38:07.000Z", "source_item.confidence": null, "source_item.between": null, "source_type": "my" }, "geometry": { "type": "Polygon", "coordinates": [ [ [ 50.6677786, 53.2850255 ], [ 50.6676924, 53.2849936 ], [ 50.6677465, 53.2849413 ], [ 50.6678327, 53.2849732 ], [ 50.6677786, 53.2850255 ] ] ] } },
{ "type": "Feature", "properties": { "id": "8c5e8ced-32b2-45ad-abc9-b1a2c0833f97", "names.primary": null, "sources": [ { "property": "", "dataset": "OpenStreetMap", "license": "ODbL-1.0", "record_id": "w1476555723@2", "update_time": "2026-02-17T15:38:07.000Z", "confidence": null, "between": null } ], "level": null, "height": null, "min_height": null, "is_underground": false, "num_floors": 1, "num_floors_underground": null, "min_floor": null, "subtype": "residential", "class": "house", "facade_color": null, "facade_material": null, "roof_material": null, "roof_shape": null, "roof_direction": null, "roof_orientation": null, "roof_color": null, "roof_height": null, "has_parts": false, "version": 1, "bbox.xmin": 50.667549133300781, "bbox.xmax": 50.667694091796875, "bbox.ymin": 53.284900665283203, "bbox.ymax": 53.284984588623047, "theme": "buildings", "type": "building", "xmin": 50.6643816, "ymin": 53.2825064, "xmax": 50.6711443, "ymax": 53.2855954, "source_item.property": "", "source_item.dataset": "OpenStreetMap", "source_item.license": "ODbL-1.0", "source_item.record_id": "w1476555723@2", "source_item.update_time": "2026-02-17T15:38:07.000Z", "source_item.confidence": null, "source_item.between": null, "source_type": "my" }, "geometry": { "type": "Polygon", "coordinates": [ [ [ 50.6676876, 53.284931 ], [ 50.6676202, 53.2849831 ], [ 50.6675566, 53.2849537 ], [ 50.667624, 53.2849016 ], [ 50.6676876, 53.284931 ] ] ] } },
{ "type": "Feature", "properties": { "id": "10b88e87-9521-4a3c-992c-737460152eb2", "names.primary": null, "sources": [ { "property": "", "dataset": "Microsoft ML Buildings", "license": "ODbL-1.0", "record_id": null, "update_time": "2016-07-29T00:00:00.000Z", "confidence": null, "between": null } ], "level": null, "height": null, "min_height": null, "is_underground": false, "num_floors": null, "num_floors_underground": null, "min_floor": null, "subtype": null, "class": null, "facade_color": null, "facade_material": null, "roof_material": null, "roof_shape": null, "roof_direction": null, "roof_orientation": null, "roof_color": null, "roof_height": null, "has_parts": false, "version": 3, "bbox.xmin": 50.667709350585938, "bbox.xmax": 50.667823791503906, "bbox.ymin": 53.285160064697266, "bbox.ymax": 53.285247802734375, "theme": "buildings", "type": "building", "xmin": 50.6643816, "ymin": 53.2825064, "xmax": 50.6711443, "ymax": 53.2855954, "source_item.property": "", "source_item.dataset": "Microsoft ML Buildings", "source_item.license": "ODbL-1.0", "source_item.record_id": null, "source_item.update_time": "2016-07-29T00:00:00.000Z", "source_item.confidence": null, "source_item.between": null, "source_type": "ml" }, "geometry": { "type": "Polygon", "coordinates": [ [ [ 50.6677152, 53.2852317 ], [ 50.6677356, 53.285166 ], [ 50.6678221, 53.2851757 ], [ 50.6678017, 53.2852414 ], [ 50.6677152, 53.2852317 ] ] ] } },
{ "type": "Feature", "properties": { "id": "97773d39-b300-4f3a-b2d5-193530cf8f38", "names.primary": null, "sources": [ { "property": "", "dataset": "Microsoft ML Buildings", "license": "ODbL-1.0", "record_id": null, "update_time": "2016-07-29T00:00:00.000Z", "confidence": null, "between": null } ], "level": null, "height": null, "min_height": null, "is_underground": false, "num_floors": null, "num_floors_underground": null, "min_floor": null, "subtype": null, "class": null, "facade_color": null, "facade_material": null, "roof_material": null, "roof_shape": null, "roof_direction": null, "roof_orientation": null, "roof_color": null, "roof_height": null, "has_parts": false, "version": 3, "bbox.xmin": 50.667957305908203, "bbox.xmax": 50.668079376220703, "bbox.ymin": 53.285274505615234, "bbox.ymax": 53.285362243652344, "theme": "buildings", "type": "building", "xmin": 50.6643816, "ymin": 53.2825064, "xmax": 50.6711443, "ymax": 53.2855954, "source_item.property": "", "source_item.dataset": "Microsoft ML Buildings", "source_item.license": "ODbL-1.0", "source_item.record_id": null, "source_item.update_time": "2016-07-29T00:00:00.000Z", "source_item.confidence": null, "source_item.between": null, "source_type": "ml" }, "geometry": { "type": "Polygon", "coordinates": [ [ [ 50.6680284, 53.2853608 ], [ 50.6679575, 53.2853413 ], [ 50.6680078, 53.2852759 ], [ 50.6680787, 53.2852954 ], [ 50.6680284, 53.2853608 ] ] ] } },
{ "type": "Feature", "properties": { "id": "70859d5a-2614-47e6-8ebf-35093f4b34d3", "names.primary": null, "sources": [ { "property": "", "dataset": "OpenStreetMap", "license": "ODbL-1.0", "record_id": "w1476555721@2", "update_time": "2026-02-17T15:38:07.000Z", "confidence": null, "between": null } ], "level": null, "height": null, "min_height": null, "is_underground": false, "num_floors": 1, "num_floors_underground": null, "min_floor": null, "subtype": "residential", "class": "house", "facade_color": null, "facade_material": null, "roof_material": null, "roof_shape": null, "roof_direction": null, "roof_orientation": null, "roof_color": null, "roof_height": null, "has_parts": false, "version": 1, "bbox.xmin": 50.667991638183594, "bbox.xmax": 50.668132781982422, "bbox.ymin": 53.285045623779297, "bbox.ymax": 53.285148620605469, "theme": "buildings", "type": "building", "xmin": 50.6643816, "ymin": 53.2825064, "xmax": 50.6711443, "ymax": 53.2855954, "source_item.property": "", "source_item.dataset": "OpenStreetMap", "source_item.license": "ODbL-1.0", "source_item.record_id": "w1476555721@2", "source_item.update_time": "2026-02-17T15:38:07.000Z", "source_item.confidence": null, "source_item.between": null, "source_type": "my" }, "geometry": { "type": "Polygon", "coordinates": [ [ [ 50.6681021, 53.2851019 ], [ 50.6681324, 53.2851139 ], [ 50.6680952, 53.2851475 ], [ 50.6679927, 53.2851068 ], [ 50.6680596, 53.2850465 ], [ 50.6681318, 53.2850751 ], [ 50.6681021, 53.2851019 ] ] ] } },
{ "type": "Feature", "properties": { "id": "e95e618a-2b98-41fd-b8ed-41168ccef414", "names.primary": null, "sources": [ { "property": "", "dataset": "OpenStreetMap", "license": "ODbL-1.0", "record_id": "w1476555717@2", "update_time": "2026-02-17T15:38:07.000Z", "confidence": null, "between": null } ], "level": null, "height": null, "min_height": null, "is_underground": false, "num_floors": 1, "num_floors_underground": null, "min_floor": null, "subtype": "residential", "class": "house", "facade_color": null, "facade_material": null, "roof_material": null, "roof_shape": null, "roof_direction": null, "roof_orientation": null, "roof_color": null, "roof_height": null, "has_parts": false, "version": 1, "bbox.xmin": 50.668270111083984, "bbox.xmax": 50.668415069580078, "bbox.ymin": 53.285133361816406, "bbox.ymax": 53.285224914550781, "theme": "buildings", "type": "building", "xmin": 50.6643816, "ymin": 53.2825064, "xmax": 50.6711443, "ymax": 53.2855954, "source_item.property": "", "source_item.dataset": "OpenStreetMap", "source_item.license": "ODbL-1.0", "source_item.record_id": "w1476555717@2", "source_item.update_time": "2026-02-17T15:38:07.000Z", "source_item.confidence": null, "source_item.between": null, "source_type": "my" }, "geometry": { "type": "Polygon", "coordinates": [ [ [ 50.668346, 53.2852241 ], [ 50.6682777, 53.2851979 ], [ 50.6683461, 53.2851342 ], [ 50.6684144, 53.2851604 ], [ 50.668346, 53.2852241 ] ] ] } },
{ "type": "Feature", "properties": { "id": "fb4a3e2f-f5ed-49cd-8dff-b336d4f887f4", "names.primary": null, "sources": [ { "property": "", "dataset": "Microsoft ML Buildings", "license": "ODbL-1.0", "record_id": null, "update_time": "2016-07-29T00:00:00.000Z", "confidence": null, "between": null } ], "level": null, "height": null, "min_height": null, "is_underground": false, "num_floors": null, "num_floors_underground": null, "min_floor": null, "subtype": null, "class": null, "facade_color": null, "facade_material": null, "roof_material": null, "roof_shape": null, "roof_direction": null, "roof_orientation": null, "roof_color": null, "roof_height": null, "has_parts": false, "version": 3, "bbox.xmin": 50.668487548828125, "bbox.xmax": 50.668659210205078, "bbox.ymin": 53.285224914550781, "bbox.ymax": 53.285324096679688, "theme": "buildings", "type": "building", "xmin": 50.6643816, "ymin": 53.2825064, "xmax": 50.6711443, "ymax": 53.2855954, "source_item.property": "", "source_item.dataset": "Microsoft ML Buildings", "source_item.license": "ODbL-1.0", "source_item.record_id": null, "source_item.update_time": "2016-07-29T00:00:00.000Z", "source_item.confidence": null, "source_item.between": null, "source_type": "ml" }, "geometry": { "type": "Polygon", "coordinates": [ [ [ 50.6685101, 53.2852548 ], [ 50.6684929, 53.2852518 ], [ 50.6685057, 53.2852258 ], [ 50.6686586, 53.2852528 ], [ 50.6686239, 53.2853231 ], [ 50.6684883, 53.2852991 ], [ 50.6685101, 53.2852548 ] ] ] } },
{ "type": "Feature", "properties": { "id": "9c555dc5-29f3-4764-a61d-25c507b10573", "names.primary": null, "sources": [ { "property": "", "dataset": "OpenStreetMap", "license": "ODbL-1.0", "record_id": "w1476555715@2", "update_time": "2026-02-17T15:38:07.000Z", "confidence": null, "between": null } ], "level": null, "height": null, "min_height": null, "is_underground": false, "num_floors": 1, "num_floors_underground": null, "min_floor": null, "subtype": "residential", "class": "house", "facade_color": null, "facade_material": null, "roof_material": null, "roof_shape": null, "roof_direction": null, "roof_orientation": null, "roof_color": null, "roof_height": null, "has_parts": false, "version": 1, "bbox.xmin": 50.668827056884766, "bbox.xmax": 50.668949127197266, "bbox.ymin": 53.285064697265625, "bbox.ymax": 53.285137176513672, "theme": "buildings", "type": "building", "xmin": 50.6643816, "ymin": 53.2825064, "xmax": 50.6711443, "ymax": 53.2855954, "source_item.property": "", "source_item.dataset": "OpenStreetMap", "source_item.license": "ODbL-1.0", "source_item.record_id": "w1476555715@2", "source_item.update_time": "2026-02-17T15:38:07.000Z", "source_item.confidence": null, "source_item.between": null, "source_type": "my" }, "geometry": { "type": "Polygon", "coordinates": [ [ [ 50.6689003, 53.2851362 ], [ 50.6688284, 53.2851058 ], [ 50.6688754, 53.285066 ], [ 50.6689473, 53.2850964 ], [ 50.6689003, 53.2851362 ] ] ] } },
{ "type": "Feature", "properties": { "id": "52bf805f-167e-456c-883f-47fcb4903541", "names.primary": null, "sources": [ { "property": "", "dataset": "Microsoft ML Buildings", "license": "ODbL-1.0", "record_id": null, "update_time": "2016-07-29T00:00:00.000Z", "confidence": null, "between": null } ], "level": null, "height": null, "min_height": null, "is_underground": false, "num_floors": null, "num_floors_underground": null, "min_floor": null, "subtype": null, "class": null, "facade_color": null, "facade_material": null, "roof_material": null, "roof_shape": null, "roof_direction": null, "roof_orientation": null, "roof_color": null, "roof_height": null, "has_parts": false, "version": 3, "bbox.xmin": 50.668838500976562, "bbox.xmax": 50.668914794921875, "bbox.ymin": 53.285202026367188, "bbox.ymax": 53.285255432128906, "theme": "buildings", "type": "building", "xmin": 50.6643816, "ymin": 53.2825064, "xmax": 50.6711443, "ymax": 53.2855954, "source_item.property": "", "source_item.dataset": "Microsoft ML Buildings", "source_item.license": "ODbL-1.0", "source_item.record_id": null, "source_item.update_time": "2016-07-29T00:00:00.000Z", "source_item.confidence": null, "source_item.between": null, "source_type": "ml" }, "geometry": { "type": "Polygon", "coordinates": [ [ [ 50.6688841, 53.2852491 ], [ 50.6688389, 53.2852328 ], [ 50.668869, 53.285203 ], [ 50.6689142, 53.2852193 ], [ 50.6688841, 53.2852491 ] ] ] } },
{ "type": "Feature", "properties": { "id": "f6d46900-c268-47ec-a664-f228f03b5433", "names.primary": null, "sources": [ { "property": "", "dataset": "OpenStreetMap", "license": "ODbL-1.0", "record_id": "w1476555749@2", "update_time": "2026-02-17T15:38:07.000Z", "confidence": null, "between": null } ], "level": null, "height": null, "min_height": null, "is_underground": false, "num_floors": 1, "num_floors_underground": null, "min_floor": null, "subtype": "residential", "class": "house", "facade_color": null, "facade_material": null, "roof_material": null, "roof_shape": null, "roof_direction": null, "roof_orientation": null, "roof_color": null, "roof_height": null, "has_parts": false, "version": 1, "bbox.xmin": 50.668842315673828, "bbox.xmax": 50.668979644775391, "bbox.ymin": 53.285358428955078, "bbox.ymax": 53.285449981689453, "theme": "buildings", "type": "building", "xmin": 50.6643816, "ymin": 53.2825064, "xmax": 50.6711443, "ymax": 53.2855954, "source_item.property": "", "source_item.dataset": "OpenStreetMap", "source_item.license": "ODbL-1.0", "source_item.record_id": "w1476555749@2", "source_item.update_time": "2026-02-17T15:38:07.000Z", "source_item.confidence": null, "source_item.between": null, "source_type": "my" }, "geometry": { "type": "Polygon", "coordinates": [ [ [ 50.668908, 53.2854482 ], [ 50.6688436, 53.285422 ], [ 50.6689081, 53.2853653 ], [ 50.6689725, 53.2853915 ], [ 50.668908, 53.2854482 ] ] ] } },
{ "type": "Feature", "properties": { "id": "8e3dc1f4-8978-49a1-ae92-177654db298c", "names.primary": null, "sources": [ { "property": "", "dataset": "OpenStreetMap", "license": "ODbL-1.0", "record_id": "w1476555751@2", "update_time": "2026-02-17T15:38:07.000Z", "confidence": null, "between": null } ], "level": null, "height": null, "min_height": null, "is_underground": false, "num_floors": 1, "num_floors_underground": null, "min_floor": null, "subtype": "residential", "class": "house", "facade_color": null, "facade_material": null, "roof_material": null, "roof_shape": null, "roof_direction": null, "roof_orientation": null, "roof_color": null, "roof_height": null, "has_parts": false, "version": 1, "bbox.xmin": 50.668720245361328, "bbox.xmax": 50.668834686279297, "bbox.ymin": 53.285308837890625, "bbox.ymax": 53.285373687744141, "theme": "buildings", "type": "building", "xmin": 50.6643816, "ymin": 53.2825064, "xmax": 50.6711443, "ymax": 53.2855954, "source_item.property": "", "source_item.dataset": "OpenStreetMap", "source_item.license": "ODbL-1.0", "source_item.record_id": "w1476555751@2", "source_item.update_time": "2026-02-17T15:38:07.000Z", "source_item.confidence": null, "source_item.between": null, "source_type": "my" }, "geometry": { "type": "Polygon", "coordinates": [ [ [ 50.6687823, 53.2853724 ], [ 50.6687212, 53.2853459 ], [ 50.6687661, 53.2853089 ], [ 50.6688272, 53.2853353 ], [ 50.6687823, 53.2853724 ] ] ] } },
{ "type": "Feature", "properties": { "id": "c16f2405-bfa5-416a-b03c-0b1f15a28306", "names.primary": null, "sources": [ { "property": "", "dataset": "OpenStreetMap", "license": "ODbL-1.0", "record_id": "w1476555750@2", "update_time": "2026-02-17T15:38:07.000Z", "confidence": null, "between": null } ], "level": null, "height": null, "min_height": null, "is_underground": false, "num_floors": 1, "num_floors_underground": null, "min_floor": null, "subtype": "residential", "class": "house", "facade_color": null, "facade_material": null, "roof_material": null, "roof_shape": null, "roof_direction": null, "roof_orientation": null, "roof_color": null, "roof_height": null, "has_parts": false, "version": 1, "bbox.xmin": 50.668636322021484, "bbox.xmax": 50.668773651123047, "bbox.ymin": 53.285411834716797, "bbox.ymax": 53.285484313964844, "theme": "buildings", "type": "building", "xmin": 50.6643816, "ymin": 53.2825064, "xmax": 50.6711443, "ymax": 53.2855954, "source_item.property": "", "source_item.dataset": "OpenStreetMap", "source_item.license": "ODbL-1.0", "source_item.record_id": "w1476555750@2", "source_item.update_time": "2026-02-17T15:38:07.000Z", "source_item.confidence": null, "source_item.between": null, "source_type": "my" }, "geometry": { "type": "Polygon", "coordinates": [ [ [ 50.6687254, 53.2854828 ], [ 50.6686431, 53.2854489 ], [ 50.668685, 53.2854126 ], [ 50.6687672, 53.2854465 ], [ 50.6687254, 53.2854828 ] ] ] } },
{ "type": "Feature", "properties": { "id": "e4a528d5-ad87-4194-9de9-d60380301f3e", "names.primary": null, "sources": [ { "property": "", "dataset": "OpenStreetMap", "license": "ODbL-1.0", "record_id": "w1476555748@2", "update_time": "2026-02-17T15:38:07.000Z", "confidence": null, "between": null } ], "level": null, "height": null, "min_height": null, "is_underground": false, "num_floors": 1, "num_floors_underground": null, "min_floor": null, "subtype": "residential", "class": "house", "facade_color": null, "facade_material": null, "roof_material": null, "roof_shape": null, "roof_direction": null, "roof_orientation": null, "roof_color": null, "roof_height": null, "has_parts": false, "version": 1, "bbox.xmin": 50.669567108154297, "bbox.xmax": 50.669696807861328, "bbox.ymin": 53.285503387451172, "bbox.ymax": 53.285602569580078, "theme": "buildings", "type": "building", "xmin": 50.6643816, "ymin": 53.2825064, "xmax": 50.6711443, "ymax": 53.2855954, "source_item.property": "", "source_item.dataset": "OpenStreetMap", "source_item.license": "ODbL-1.0", "source_item.record_id": "w1476555748@2", "source_item.update_time": "2026-02-17T15:38:07.000Z", "source_item.confidence": null, "source_item.between": null, "source_type": "my" }, "geometry": { "type": "Polygon", "coordinates": [ [ [ 50.6696621, 53.2855954 ], [ 50.6695739, 53.2855798 ], [ 50.6696085, 53.2855096 ], [ 50.6696966, 53.2855252 ], [ 50.6696621, 53.2855954 ] ] ] } },
{ "type": "Feature", "properties": { "id": "3d5d6b20-be12-4ec5-aa66-e166532dc84e", "names.primary": null, "sources": [ { "property": "", "dataset": "Microsoft ML Buildings", "license": "ODbL-1.0", "record_id": null, "update_time": "2016-07-29T00:00:00.000Z", "confidence": null, "between": null } ], "level": null, "height": null, "min_height": null, "is_underground": false, "num_floors": null, "num_floors_underground": null, "min_floor": null, "subtype": null, "class": null, "facade_color": null, "facade_material": null, "roof_material": null, "roof_shape": null, "roof_direction": null, "roof_orientation": null, "roof_color": null, "roof_height": null, "has_parts": false, "version": 3, "bbox.xmin": 50.669170379638672, "bbox.xmax": 50.669258117675781, "bbox.ymin": 53.285324096679688, "bbox.ymax": 53.285369873046875, "theme": "buildings", "type": "building", "xmin": 50.6643816, "ymin": 53.2825064, "xmax": 50.6711443, "ymax": 53.2855954, "source_item.property": "", "source_item.dataset": "Microsoft ML Buildings", "source_item.license": "ODbL-1.0", "source_item.record_id": null, "source_item.update_time": "2016-07-29T00:00:00.000Z", "source_item.confidence": null, "source_item.between": null, "source_type": "ml" }, "geometry": { "type": "Polygon", "coordinates": [ [ [ 50.6691989, 53.2853251 ], [ 50.6692577, 53.2853508 ], [ 50.669236, 53.2853685 ], [ 50.6691772, 53.2853428 ], [ 50.6691989, 53.2853251 ] ] ] } },
{ "type": "Feature", "properties": { "id": "3d618a2f-27e9-4c1e-8f27-815adddf9cd4", "names.primary": null, "sources": [ { "property": "", "dataset": "Microsoft ML Buildings", "license": "ODbL-1.0", "record_id": null, "update_time": "2016-07-29T00:00:00.000Z", "confidence": null, "between": null } ], "level": null, "height": null, "min_height": null, "is_underground": false, "num_floors": null, "num_floors_underground": null, "min_floor": null, "subtype": null, "class": null, "facade_color": null, "facade_material": null, "roof_material": null, "roof_shape": null, "roof_direction": null, "roof_orientation": null, "roof_color": null, "roof_height": null, "has_parts": false, "version": 3, "bbox.xmin": 50.669376373291016, "bbox.xmax": 50.669517517089844, "bbox.ymin": 53.285133361816406, "bbox.ymax": 53.285213470458984, "theme": "buildings", "type": "building", "xmin": 50.6643816, "ymin": 53.2825064, "xmax": 50.6711443, "ymax": 53.2855954, "source_item.property": "", "source_item.dataset": "Microsoft ML Buildings", "source_item.license": "ODbL-1.0", "source_item.record_id": null, "source_item.update_time": "2016-07-29T00:00:00.000Z", "source_item.confidence": null, "source_item.between": null, "source_type": "ml" }, "geometry": { "type": "Polygon", "coordinates": [ [ [ 50.669378, 53.2851796 ], [ 50.6694295, 53.2851341 ], [ 50.6695104, 53.2851669 ], [ 50.6694589, 53.2852124 ], [ 50.669378, 53.2851796 ] ] ] } },
{ "type": "Feature", "properties": { "id": "d1ec53c1-2c1e-411e-a36b-2879316dc9e4", "names.primary": null, "sources": [ { "property": "", "dataset": "OpenStreetMap", "license": "ODbL-1.0", "record_id": "w1476555713@2", "update_time": "2026-02-17T15:38:07.000Z", "confidence": null, "between": null } ], "level": null, "height": null, "min_height": null, "is_underground": false, "num_floors": 2, "num_floors_underground": null, "min_floor": null, "subtype": "residential", "class": "house", "facade_color": null, "facade_material": null, "roof_material": null, "roof_shape": null, "roof_direction": null, "roof_orientation": null, "roof_color": null, "roof_height": null, "has_parts": false, "version": 1, "bbox.xmin": 50.669624328613281, "bbox.xmax": 50.669937133789062, "bbox.ymin": 53.285350799560547, "bbox.ymax": 53.285472869873047, "theme": "buildings", "type": "building", "xmin": 50.6643816, "ymin": 53.2825064, "xmax": 50.6711443, "ymax": 53.2855954, "source_item.property": "", "source_item.dataset": "OpenStreetMap", "source_item.license": "ODbL-1.0", "source_item.record_id": "w1476555713@2", "source_item.update_time": "2026-02-17T15:38:07.000Z", "source_item.confidence": null, "source_item.between": null, "source_type": "my" }, "geometry": { "type": "Polygon", "coordinates": [ [ [ 50.6699311, 53.2853842 ], [ 50.6698803, 53.2854661 ], [ 50.669625, 53.2854095 ], [ 50.669657, 53.2853578 ], [ 50.6697545, 53.2853794 ], [ 50.6697455, 53.285394 ], [ 50.6698037, 53.2854069 ], [ 50.6698314, 53.2853621 ], [ 50.6699311, 53.2853842 ] ] ] } },
{ "type": "Feature", "properties": { "id": "8014e7f6-4c4a-4957-9927-d3ffcd0d6453", "names.primary": null, "sources": [ { "property": "", "dataset": "Microsoft ML Buildings", "license": "ODbL-1.0", "record_id": null, "update_time": "2016-07-29T00:00:00.000Z", "confidence": null, "between": null } ], "level": null, "height": null, "min_height": null, "is_underground": false, "num_floors": null, "num_floors_underground": null, "min_floor": null, "subtype": null, "class": null, "facade_color": null, "facade_material": null, "roof_material": null, "roof_shape": null, "roof_direction": null, "roof_orientation": null, "roof_color": null, "roof_height": null, "has_parts": false, "version": 3, "bbox.xmin": 50.66961669921875, "bbox.xmax": 50.669731140136719, "bbox.ymin": 53.285209655761719, "bbox.ymax": 53.285289764404297, "theme": "buildings", "type": "building", "xmin": 50.6643816, "ymin": 53.2825064, "xmax": 50.6711443, "ymax": 53.2855954, "source_item.property": "", "source_item.dataset": "Microsoft ML Buildings", "source_item.license": "ODbL-1.0", "source_item.record_id": null, "source_item.update_time": "2016-07-29T00:00:00.000Z", "source_item.confidence": null, "source_item.between": null, "source_type": "ml" }, "geometry": { "type": "Polygon", "coordinates": [ [ [ 50.669624, 53.2852748 ], [ 50.6696775, 53.2852105 ], [ 50.6697248, 53.2852246 ], [ 50.6696713, 53.2852888 ], [ 50.669624, 53.2852748 ] ] ] } },
{ "type": "Feature", "properties": { "id": "7ea4615b-f1fd-436d-beed-406841c7b8ad", "names.primary": null, "sources": [ { "property": "", "dataset": "OpenStreetMap", "license": "ODbL-1.0", "record_id": "w1476555711@2", "update_time": "2026-02-17T15:38:07.000Z", "confidence": null, "between": null } ], "level": null, "height": null, "min_height": null, "is_underground": false, "num_floors": 2, "num_floors_underground": null, "min_floor": null, "subtype": "residential", "class": "house", "facade_color": null, "facade_material": null, "roof_material": null, "roof_shape": null, "roof_direction": null, "roof_orientation": null, "roof_color": null, "roof_height": null, "has_parts": false, "version": 4, "bbox.xmin": 50.669826507568359, "bbox.xmax": 50.670116424560547, "bbox.ymin": 53.285076141357422, "bbox.ymax": 53.285232543945312, "theme": "buildings", "type": "building", "xmin": 50.6643816, "ymin": 53.2825064, "xmax": 50.6711443, "ymax": 53.2855954, "source_item.property": "", "source_item.dataset": "OpenStreetMap", "source_item.license": "ODbL-1.0", "source_item.record_id": "w1476555711@2", "source_item.update_time": "2026-02-17T15:38:07.000Z", "source_item.confidence": null, "source_item.between": null, "source_type": "my" }, "geometry": { "type": "Polygon", "coordinates": [ [ [ 50.6700274, 53.2852322 ], [ 50.6698339, 53.2851603 ], [ 50.6699154, 53.2850819 ], [ 50.6701089, 53.2851538 ], [ 50.6700274, 53.2852322 ] ] ] } },
{ "type": "Feature", "properties": { "id": "42ad07ec-b4c8-48a6-b235-7a63a868302c", "names.primary": null, "sources": [ { "property": "", "dataset": "Microsoft ML Buildings", "license": "ODbL-1.0", "record_id": null, "update_time": "2016-07-29T00:00:00.000Z", "confidence": null, "between": null } ], "level": null, "height": null, "min_height": null, "is_underground": false, "num_floors": null, "num_floors_underground": null, "min_floor": null, "subtype": null, "class": null, "facade_color": null, "facade_material": null, "roof_material": null, "roof_shape": null, "roof_direction": null, "roof_orientation": null, "roof_color": null, "roof_height": null, "has_parts": false, "version": 3, "bbox.xmin": 50.670120239257812, "bbox.xmax": 50.670207977294922, "bbox.ymin": 53.285190582275391, "bbox.ymax": 53.285236358642578, "theme": "buildings", "type": "building", "xmin": 50.6643816, "ymin": 53.2825064, "xmax": 50.6711443, "ymax": 53.2855954, "source_item.property": "", "source_item.dataset": "Microsoft ML Buildings", "source_item.license": "ODbL-1.0", "source_item.record_id": null, "source_item.update_time": "2016-07-29T00:00:00.000Z", "source_item.confidence": null, "source_item.between": null, "source_type": "ml" }, "geometry": { "type": "Polygon", "coordinates": [ [ [ 50.6701484, 53.2851922 ], [ 50.6702069, 53.2852145 ], [ 50.670185, 53.285235 ], [ 50.6701265, 53.2852128 ], [ 50.6701484, 53.2851922 ] ] ] } },
{ "type": "Feature", "properties": { "id": "70cc9ac7-f766-4641-a7f4-f81675402bb7", "names.primary": null, "sources": [ { "property": "", "dataset": "Microsoft ML Buildings", "license": "ODbL-1.0", "record_id": null, "update_time": "2016-07-29T00:00:00.000Z", "confidence": null, "between": null } ], "level": null, "height": null, "min_height": null, "is_underground": false, "num_floors": null, "num_floors_underground": null, "min_floor": null, "subtype": null, "class": null, "facade_color": null, "facade_material": null, "roof_material": null, "roof_shape": null, "roof_direction": null, "roof_orientation": null, "roof_color": null, "roof_height": null, "has_parts": false, "version": 3, "bbox.xmin": 50.667209625244141, "bbox.xmax": 50.667270660400391, "bbox.ymin": 53.285270690917969, "bbox.ymax": 53.285316467285156, "theme": "buildings", "type": "building", "xmin": 50.6643816, "ymin": 53.2825064, "xmax": 50.6711443, "ymax": 53.2855954, "source_item.property": "", "source_item.dataset": "Microsoft ML Buildings", "source_item.license": "ODbL-1.0", "source_item.record_id": null, "source_item.update_time": "2016-07-29T00:00:00.000Z", "source_item.confidence": null, "source_item.between": null, "source_type": "ml" }, "geometry": { "type": "Polygon", "coordinates": [ [ [ 50.6672587, 53.2853162 ], [ 50.6672106, 53.2853141 ], [ 50.6672159, 53.285271 ], [ 50.6672639, 53.2852731 ], [ 50.6672587, 53.2853162 ] ] ] } },
{ "type": "Feature", "properties": { "id": "5b333a99-39d2-4482-9a8e-8b9bf4fe1dc5", "names.primary": null, "sources": [ { "property": "", "dataset": "Microsoft ML Buildings", "license": "ODbL-1.0", "record_id": null, "update_time": "2016-07-29T00:00:00.000Z", "confidence": null, "between": null } ], "level": null, "height": null, "min_height": null, "is_underground": false, "num_floors": null, "num_floors_underground": null, "min_floor": null, "subtype": null, "class": null, "facade_color": null, "facade_material": null, "roof_material": null, "roof_shape": null, "roof_direction": null, "roof_orientation": null, "roof_color": null, "roof_height": null, "has_parts": false, "version": 3, "bbox.xmin": 50.666980743408203, "bbox.xmax": 50.667045593261719, "bbox.ymin": 53.285247802734375, "bbox.ymax": 53.285293579101562, "theme": "buildings", "type": "building", "xmin": 50.6643816, "ymin": 53.2825064, "xmax": 50.6711443, "ymax": 53.2855954, "source_item.property": "", "source_item.dataset": "Microsoft ML Buildings", "source_item.license": "ODbL-1.0", "source_item.record_id": null, "source_item.update_time": "2016-07-29T00:00:00.000Z", "source_item.confidence": null, "source_item.between": null, "source_type": "ml" }, "geometry": { "type": "Polygon", "coordinates": [ [ [ 50.6669865, 53.2852864 ], [ 50.6669876, 53.2852544 ], [ 50.6670385, 53.285255 ], [ 50.6670374, 53.2852871 ], [ 50.6669865, 53.2852864 ] ] ] } },
{ "type": "Feature", "properties": { "id": "265786fe-b5d4-4e00-88df-d1afdc0fdaa6", "names.primary": null, "sources": [ { "property": "", "dataset": "Microsoft ML Buildings", "license": "ODbL-1.0", "record_id": null, "update_time": "2016-07-29T00:00:00.000Z", "confidence": null, "between": null } ], "level": null, "height": null, "min_height": null, "is_underground": false, "num_floors": null, "num_floors_underground": null, "min_floor": null, "subtype": null, "class": null, "facade_color": null, "facade_material": null, "roof_material": null, "roof_shape": null, "roof_direction": null, "roof_orientation": null, "roof_color": null, "roof_height": null, "has_parts": false, "version": 3, "bbox.xmin": 50.666877746582031, "bbox.xmax": 50.666999816894531, "bbox.ymin": 53.285179138183594, "bbox.ymax": 53.285228729248047, "theme": "buildings", "type": "building", "xmin": 50.6643816, "ymin": 53.2825064, "xmax": 50.6711443, "ymax": 53.2855954, "source_item.property": "", "source_item.dataset": "Microsoft ML Buildings", "source_item.license": "ODbL-1.0", "source_item.record_id": null, "source_item.update_time": "2016-07-29T00:00:00.000Z", "source_item.confidence": null, "source_item.between": null, "source_type": "ml" }, "geometry": { "type": "Polygon", "coordinates": [ [ [ 50.6669928, 53.2851917 ], [ 50.6669827, 53.2852226 ], [ 50.6668845, 53.2852111 ], [ 50.6668947, 53.2851803 ], [ 50.6669928, 53.2851917 ] ] ] } },
{ "type": "Feature", "properties": { "id": "52822a27-41eb-4876-a319-06a4fa6df243", "names.primary": null, "sources": [ { "property": "", "dataset": "Microsoft ML Buildings", "license": "ODbL-1.0", "record_id": null, "update_time": "2016-07-29T00:00:00.000Z", "confidence": null, "between": null } ], "level": null, "height": null, "min_height": null, "is_underground": false, "num_floors": null, "num_floors_underground": null, "min_floor": null, "subtype": null, "class": null, "facade_color": null, "facade_material": null, "roof_material": null, "roof_shape": null, "roof_direction": null, "roof_orientation": null, "roof_color": null, "roof_height": null, "has_parts": false, "version": 3, "bbox.xmin": 50.666778564453125, "bbox.xmax": 50.666873931884766, "bbox.ymin": 53.285144805908203, "bbox.ymax": 53.285179138183594, "theme": "buildings", "type": "building", "xmin": 50.6643816, "ymin": 53.2825064, "xmax": 50.6711443, "ymax": 53.2855954, "source_item.property": "", "source_item.dataset": "Microsoft ML Buildings", "source_item.license": "ODbL-1.0", "source_item.record_id": null, "source_item.update_time": "2016-07-29T00:00:00.000Z", "source_item.confidence": null, "source_item.between": null, "source_type": "ml" }, "geometry": { "type": "Polygon", "coordinates": [ [ [ 50.6667915, 53.2851517 ], [ 50.6668727, 53.2851608 ], [ 50.6668673, 53.2851779 ], [ 50.6667861, 53.2851687 ], [ 50.6667915, 53.2851517 ] ] ] } },
{ "type": "Feature", "properties": { "id": "569e3ae6-45f5-4238-8d36-a01c84fccbdb", "names.primary": null, "sources": [ { "property": "", "dataset": "Microsoft ML Buildings", "license": "ODbL-1.0", "record_id": null, "update_time": "2016-07-29T00:00:00.000Z", "confidence": null, "between": null } ], "level": null, "height": null, "min_height": null, "is_underground": false, "num_floors": null, "num_floors_underground": null, "min_floor": null, "subtype": null, "class": null, "facade_color": null, "facade_material": null, "roof_material": null, "roof_shape": null, "roof_direction": null, "roof_orientation": null, "roof_color": null, "roof_height": null, "has_parts": false, "version": 3, "bbox.xmin": 50.666774749755859, "bbox.xmax": 50.666866302490234, "bbox.ymin": 53.285190582275391, "bbox.ymax": 53.285236358642578, "theme": "buildings", "type": "building", "xmin": 50.6643816, "ymin": 53.2825064, "xmax": 50.6711443, "ymax": 53.2855954, "source_item.property": "", "source_item.dataset": "Microsoft ML Buildings", "source_item.license": "ODbL-1.0", "source_item.record_id": null, "source_item.update_time": "2016-07-29T00:00:00.000Z", "source_item.confidence": null, "source_item.between": null, "source_type": "ml" }, "geometry": { "type": "Polygon", "coordinates": [ [ [ 50.6667827, 53.2851916 ], [ 50.6668589, 53.2851982 ], [ 50.666851, 53.2852306 ], [ 50.6667749, 53.2852239 ], [ 50.6667827, 53.2851916 ] ] ] } },
{ "type": "Feature", "properties": { "id": "79984afd-ebb7-4f85-8924-e1441de495eb", "names.primary": null, "sources": [ { "property": "", "dataset": "Microsoft ML Buildings", "license": "ODbL-1.0", "record_id": null, "update_time": "2016-07-29T00:00:00.000Z", "confidence": null, "between": null } ], "level": null, "height": null, "min_height": null, "is_underground": false, "num_floors": null, "num_floors_underground": null, "min_floor": null, "subtype": null, "class": null, "facade_color": null, "facade_material": null, "roof_material": null, "roof_shape": null, "roof_direction": null, "roof_orientation": null, "roof_color": null, "roof_height": null, "has_parts": false, "version": 3, "bbox.xmin": 50.666629791259766, "bbox.xmax": 50.666736602783203, "bbox.ymin": 53.285240173339844, "bbox.ymax": 53.285301208496094, "theme": "buildings", "type": "building", "xmin": 50.6643816, "ymin": 53.2825064, "xmax": 50.6711443, "ymax": 53.2855954, "source_item.property": "", "source_item.dataset": "Microsoft ML Buildings", "source_item.license": "ODbL-1.0", "source_item.record_id": null, "source_item.update_time": "2016-07-29T00:00:00.000Z", "source_item.confidence": null, "source_item.between": null, "source_type": "ml" }, "geometry": { "type": "Polygon", "coordinates": [ [ [ 50.6667261, 53.2852943 ], [ 50.6666369, 53.2852862 ], [ 50.666647, 53.2852464 ], [ 50.6667362, 53.2852545 ], [ 50.6667261, 53.2852943 ] ] ] } },
{ "type": "Feature", "properties": { "id": "f93126c0-eb0d-427e-8a2b-43801fe205f0", "names.primary": null, "sources": [ { "property": "", "dataset": "Microsoft ML Buildings", "license": "ODbL-1.0", "record_id": null, "update_time": "2016-07-29T00:00:00.000Z", "confidence": null, "between": null } ], "level": null, "height": null, "min_height": null, "is_underground": false, "num_floors": null, "num_floors_underground": null, "min_floor": null, "subtype": null, "class": null, "facade_color": null, "facade_material": null, "roof_material": null, "roof_shape": null, "roof_direction": null, "roof_orientation": null, "roof_color": null, "roof_height": null, "has_parts": false, "version": 3, "bbox.xmin": 50.666725158691406, "bbox.xmax": 50.666847229003906, "bbox.ymin": 53.285270690917969, "bbox.ymax": 53.285373687744141, "theme": "buildings", "type": "building", "xmin": 50.6643816, "ymin": 53.2825064, "xmax": 50.6711443, "ymax": 53.2855954, "source_item.property": "", "source_item.dataset": "Microsoft ML Buildings", "source_item.license": "ODbL-1.0", "source_item.record_id": null, "source_item.update_time": "2016-07-29T00:00:00.000Z", "source_item.confidence": null, "source_item.between": null, "source_type": "ml" }, "geometry": { "type": "Polygon", "coordinates": [ [ [ 50.6667323, 53.2852813 ], [ 50.666834, 53.2852782 ], [ 50.6668413, 53.2853629 ], [ 50.6667396, 53.2853661 ], [ 50.6667323, 53.2852813 ] ] ] } },
{ "type": "Feature", "properties": { "id": "5264a880-4781-470f-86d2-3c54e1b620d1", "names.primary": null, "sources": [ { "property": "", "dataset": "Microsoft ML Buildings", "license": "ODbL-1.0", "record_id": null, "update_time": "2016-07-29T00:00:00.000Z", "confidence": null, "between": null } ], "level": null, "height": null, "min_height": null, "is_underground": false, "num_floors": null, "num_floors_underground": null, "min_floor": null, "subtype": null, "class": null, "facade_color": null, "facade_material": null, "roof_material": null, "roof_shape": null, "roof_direction": null, "roof_orientation": null, "roof_color": null, "roof_height": null, "has_parts": false, "version": 3, "bbox.xmin": 50.666511535644531, "bbox.xmax": 50.666652679443359, "bbox.ymin": 53.285079956054688, "bbox.ymax": 53.285160064697266, "theme": "buildings", "type": "building", "xmin": 50.6643816, "ymin": 53.2825064, "xmax": 50.6711443, "ymax": 53.2855954, "source_item.property": "", "source_item.dataset": "Microsoft ML Buildings", "source_item.license": "ODbL-1.0", "source_item.record_id": null, "source_item.update_time": "2016-07-29T00:00:00.000Z", "source_item.confidence": null, "source_item.between": null, "source_type": "ml" }, "geometry": { "type": "Polygon", "coordinates": [ [ [ 50.6665227, 53.2851543 ], [ 50.6665183, 53.2850903 ], [ 50.6666415, 53.2850872 ], [ 50.6666459, 53.2851512 ], [ 50.6665227, 53.2851543 ] ] ] } },
{ "type": "Feature", "properties": { "id": "7dba4614-b14e-4874-b654-f186c1970d6d", "names.primary": null, "sources": [ { "property": "", "dataset": "Microsoft ML Buildings", "license": "ODbL-1.0", "record_id": null, "update_time": "2016-07-29T00:00:00.000Z", "confidence": null, "between": null } ], "level": null, "height": null, "min_height": null, "is_underground": false, "num_floors": null, "num_floors_underground": null, "min_floor": null, "subtype": null, "class": null, "facade_color": null, "facade_material": null, "roof_material": null, "roof_shape": null, "roof_direction": null, "roof_orientation": null, "roof_color": null, "roof_height": null, "has_parts": false, "version": 3, "bbox.xmin": 50.666408538818359, "bbox.xmax": 50.666477203369141, "bbox.ymin": 53.285198211669922, "bbox.ymax": 53.285266876220703, "theme": "buildings", "type": "building", "xmin": 50.6643816, "ymin": 53.2825064, "xmax": 50.6711443, "ymax": 53.2855954, "source_item.property": "", "source_item.dataset": "Microsoft ML Buildings", "source_item.license": "ODbL-1.0", "source_item.record_id": null, "source_item.update_time": "2016-07-29T00:00:00.000Z", "source_item.confidence": null, "source_item.between": null, "source_type": "ml" }, "geometry": { "type": "Polygon", "coordinates": [ [ [ 50.6664144, 53.2852531 ], [ 50.6664359, 53.2852052 ], [ 50.666476, 53.2852117 ], [ 50.6664544, 53.2852595 ], [ 50.6664144, 53.2852531 ] ] ] } },
{ "type": "Feature", "properties": { "id": "0bf61008-1f5c-40de-8084-9867a0981a8d", "names.primary": null, "sources": [ { "property": "", "dataset": "Microsoft ML Buildings", "license": "ODbL-1.0", "record_id": null, "update_time": "2016-07-29T00:00:00.000Z", "confidence": null, "between": null } ], "level": null, "height": null, "min_height": null, "is_underground": false, "num_floors": null, "num_floors_underground": null, "min_floor": null, "subtype": null, "class": null, "facade_color": null, "facade_material": null, "roof_material": null, "roof_shape": null, "roof_direction": null, "roof_orientation": null, "roof_color": null, "roof_height": null, "has_parts": false, "version": 3, "bbox.xmin": 50.665554046630859, "bbox.xmax": 50.665660858154297, "bbox.ymin": 53.285163879394531, "bbox.ymax": 53.285240173339844, "theme": "buildings", "type": "building", "xmin": 50.6643816, "ymin": 53.2825064, "xmax": 50.6711443, "ymax": 53.2855954, "source_item.property": "", "source_item.dataset": "Microsoft ML Buildings", "source_item.license": "ODbL-1.0", "source_item.record_id": null, "source_item.update_time": "2016-07-29T00:00:00.000Z", "source_item.confidence": null, "source_item.between": null, "source_type": "ml" }, "geometry": { "type": "Polygon", "coordinates": [ [ [ 50.6656287, 53.285234 ], [ 50.6655609, 53.2852234 ], [ 50.6655864, 53.2851648 ], [ 50.6656542, 53.2851754 ], [ 50.6656287, 53.285234 ] ] ] } }
]
}
